text,label
good app 🙏☝️😘,positive
"my account always suppended, even I don't do anything also my information is complete.",negative
I'm satisfied.,positive
"Too many ads, too many irrelevant groups coming across my feed, have to report videos of a violent/sexual nature MULTIPLE times in order to not see them every day. Wish it would go back to the way it was.",negative
"very nice and connect to all type of people, just like all faimaly, friends and social worker with political news with activities.",positive
No one wants reels. Recent update forced the Reels button on the Quick Access bar. It can't be hidden and ignores settings to hide it. Very annoying.,negative
brilliant app,positive
good 👍💪,positive
using more and more storage even after deleting. used to be 400mb now 1.5gb!,negative
Precious!,positive
respond slowly,negative
nice work,neutral
"the Facebook app is very okay and detailed information, I like it",positive
this app is 😔,negative
Very bad. Intrusive and very dangerous,negative
Excellent showman 👌,positive
nais,positive
"A great platform to stay connected with people and discover communities. It’s perfect for sharing updates, joining groups, and keeping up with events. Everything is in one place, making it super convenient and engaging.",positive
i got bad ui on marketplace tab,negative
it so bad,negative
Fantestik,positive
mantap,positive
I don't work fix it now please,positive
bad and horrible my account got suspended without any sensible reason facebook is becoming useless as days gos by,negative
took a 5 year break and it's in worse shape than it was before i left. 0/10 do not recommend 💯,negative
good appreciate this app,positive
5 yasr,positive
Very Nice 💯 App,positive
security,positive
good apk,positive
best news and information all type content creator music sports wall is wall Facebook,positive
outstandingly :,positive
Myuh,positive
"My account was mistaken locked after doing some swa-face verification. I cannot appeal anymore, can't even download my own information there. I want my account back, it's been locked for 8 days. been reported the help center for days but it's futile. No one response me",negative
quality,positive
the best app so far,positive
need update,neutral
exceptional .✨,positive
Face book is a very important part of life it remember me our memories in our lives,positive
very bad privacy settings design and policies like against humanity and woman respect seems like support or created by an illiterate person,negative
Hight Speed Internet Rahene Pr Bhi Video Buffering hoti hai....,negative
Very large communication system,positive
it has been very good working with you,positive
hi Chandni the,positive
what a lovely man by the sound working for the betterment of the breed 🩷🩵,positive
its so usefull,positive
😎 cool,positive
very excellent,positive
Notifications aren't notified. Bug issue.,negative
best app 10000M,positive
"since this social media app is popular one and keep improving all the time, I have no big concerns with the app. however, app always has some small issues while using like small bugs which just make us feel annoyed sometimes thank you for keep updating and developing till this day",positive
not good app for under 18,negative
"there is no integration with the real world in your office and encouraged to sell your soul in personality to data scrapers as you use this product. Not only that, but the safety features actually make it harder for you to warn people about things that are developing especially if they're controversial or they get too close to an uncomfortable truth our institutions don't want to take responsibility for or beheld to account to.",negative
supar,positive
😂😂😂😂😂 tarbho na utoy,positive
Good vibes ❤️,positive
love ❤️,positive
thanks you 💕 Meta,positive
Godinu dana ne vidim objave mojih prijatelja od reklama i plaćenih follow objava. 0 ste postali ali 0! Dragan Koprivica,negative
yes it very good and nice,positive
"Aun tengo la app pero no la uso mucho, ya solo se encuentran reposts de otras plataformas. Lo peor es que te obligan a instalar otra app si es que quieres usar la mensajería de facebook (ridículo). Tampoco ayuda que ya las configuraciones no son tan amigables ni tan personalizables como antes, todo esto desde que pasaron todo a ""META""",negative
stupid app getting worse with time,negative
hamare Facebook ID my Facebook ID per koi use nahin kyon nahin a Rahamein koi bhi flowers nahin badh Raha hai nahin ho raha,positive
Md Homaun Kabir nice,positive
"you made my day, I loved it!!",positive
"There are so many third parties in the algorithm, social media already knows what I think before I do.",neutral
Most the people are idiots on dating. please give us a sexuality filter.,neutral
favvvv,positive
Good Video,positive
can explore more about earth damn good,positive
nobody use this,negative
keep scrolling and destroying yourself,positive
thenkyou...so much,positive
super 👍🏻,positive
love 😍,positive
nis,positive
tablet version sucks,negative
"Ads, ads, ads, junk, junk, junk!!!!!!!!!!!!!!!",negative
its facebook....what else is there to say😆,positive
cant update,negative
"the best social app .. using since 2016 , sometimes there are some issues but after update they are fixed ... thanks meta for this great app.",positive
good 🍒🥺,positive
how to fullscreen in may cp,positive
well it's good and entertaining,positive
The old version of Facebook was better than the new version.,negative
thanka,positive
it keeps me up on news. I like it because I know more about what's going on.,positive
"Lost my account to Facebook's poor security and lack of human support. Couldn't remove the hacker's 2fa. A simple task a human employee could have done, and months after months their useless system still can't do anything right to remove 2fa.",negative
This app is worst,negative
Useful,positive
keeps kicking me off my account then it has the gull to ask how there app is doing. fix this or lose yet another customer,negative
facebook is good 👍,positive
I like Facebook but i can't get on it. I wish somebody could help me. Carolyn Baylies,positive
nice application,positive
too many irrelevant posts,positive
1000% Social media networking platform ❤️❤️❤️,positive
Becoming unreliable and less useful. Nowadays I often don't get notifications that I want but I do get repeats of posts I've already seen.,neutral
ever since joining beta it's been nothing but glitches,neutral
Super super,positive
so nice 🥰🥰❤️❤️,positive
v beautiful ❤️,positive
I am not satisfied about ur Facebook problems. it suspend all my account for nothing,negative
Maganda naman. May gasgas nga lang. para kang bumili ng second hand.,negative
my best app,positive
good looking mashaALLAH❤❤❤,positive
so nice fasbook,positive
FB features is awesome and experience is very good,positive
"Sharing to a group is now an issue. It shows no group to share to, when I'm in hundreds of groups.",negative
LARGA!! 😉 💚❤️🤍,positive
50k followers,positive
Kenapa sangat mudah menonaktifkan akun!!!!,negative
keeps timing out and logging me out,negative
they don't care about users at all please use any other app my account was hacked through their support system and I can't get in contact with anyone to get it back update made a new account and they banned me for no reason,negative
fake h facebook bale inhone mera account suspend kar diya itni mahnat karne ke baad bhi,negative
Facebook is great platform,positive
Doesn't allow you to open links directly in your default browser.,negative
too many ads. within 3 seconds they are playing ads,negative
"I rated Facebook with 5stars, I got nothing to complain about",positive
noice great choice,positive
Facebook is a good application.,positive
it's not fair,positive
ads...ads...ads...repetitive,negative
"I do not authorized anyone to use my Facebook account. I do not give anyone rights to use my Facebook information in any way or form. If anyone uses my Facebook account for information or for anything no matter what type of form, They are breaking the law and trespassing against my constitution right of the U.S.A. law that I am protected by .",negative
😭💋💋,positive
nise,positive
"I have this app, yet y'all keep advertising, like is ur ad system stupid? this is why you're called FB which means Failure Brains",negative
the metas best app to long way💐,positive
Amazing love this app.😛😜😋🦍🦄🍒🍓🌈🌟🌞🌘🌗🌝🌔🌑🕦🕞🕓🌕🇦🇲🏳️‍🌈🇦🇪🇭🇳🇭🇲🇿🇲🇾🇪,positive
To much good,positive
entireristing,positive
smoothly working,positive
wow😍,positive
facebook,positive
Worst customer support ever. Have been using Facebook since 13+ years and all of sudden they disable my account with no reason at all. Have been trying to reach out support since a week in Instagram/whatsapp/email everywere but not even a single response. All this years of memories and online friends contact gone with no any option to even appeal why my account was disabled.,negative
"I’ve been using Facebook for a while now, and it’s a pretty decent app for staying connected with friends and family. I like that it has a mix of features like posts, stories, groups, and marketplace, so there’s always something to explore.",neutral
excellent app some things useful and some things bad.,positive
mast,positive
oldie but a goodie,positive
"Amazing at first I hated FB, but I love the app now #itgrew #onme",positive
"Obvious privacy concerns. Say ""Duluth Trading Company"" 5 times next to your phone and I GUARANTEE you'll get ads for it. App will also blow your phone up with nonsense notifications that don't pertain to you, they just want to get the interaction. Also, what is up with all the over-sexualized content on here? I only keep Facebook to keep up with my grandparents yet I get force-fed smut. Absolutely deplorable the way this company and app turned out.",negative
I wish for Meta apps to have UI optimization for android tablet,positive
i am like you facebook,positive
life with happy for fb fun videos,positive
NICE.👍👍👍👍👍,positive
very very very very very very very very good good good good good good good 😍🥰😍😘😘😘😍😘🥰😘😘🥰😍,positive
best,positive
this is the second time that has suspended my account for no reason and then when you went right back to you to let you know what you did wrong,negative
after new updated not working and this new updated display not good,negative
very good platform,positive
always happy and time pass,positive
super 😘,positive
very good ap,negative
"What is happening to Facebook? It keeps suspending accounts without a clear reason. Based on what I’ve seen, this problem has already affected many innocent users who did nothing wrong but still got suspended. It is concerning that, even with so many cases, Facebook has not properly fixed this issue until now.",negative
great,positive
good information 👍,positive
suspend and disable account for no reason this app suck rn.,negative
Facebook is getting worse every day.,negative
nag connect lang ng game gamit FB disable agad ina mo meta,negative
Great and nice to communicate with people,positive
anyone can post any hateful or controversial stuff just amazing 👏,negative
THE ONLY REASON THIS IS STILL INSTALLED IS BECAUSE I HAVE NO OTHER WAY TO STAY IN CONTACT WITH MULTIPLE FAMILY MEMBERS AND A COUPLE FRIENDS. Has been uninstalled and reinstalled. Puts my posts from the last couple months at the top of the news feed requiring me to scroll down several times to get to news from friends and family. All posts are no longer in the correct order by date and time. My friends are only now getting posts written weeks ago in their new feed.,negative
wonder full,positive
It's good but they're blocking my account why,positive
"Search function goes down in the sink, previous updates make searches inside the app result in random posts from random persons that have nothing to do the or even relevant on what I was looking for",negative
You duffers can't even fix ui of reels section from weeks,negative
they reported me to the police for a crime of fraud and deception and I looked at the policy I didn't do anything of that. and they never said what it was didn't inform AI Meta said I've been violating policy also And labeled me as a habitual offender with no proof. If their goal is to hurt people I believe it. Mark plead not guilty and was found guilty. But to call me a scammer and that I have a business? I dont have a Tax ID the platform said I am a business I'm investigating,negative
thare are too much fraud walking,negative
"আমার দেখা ফালতু একটা অ্যাপস, যেটায় আমি বেশি time waste করি।",positive
superb.,positive
Very bad 😞😔😞😔😞😔😔😞,negative
Masha Allah,positive
worst app ever in my lyf this app cannot evn be used fr basic knowledge and it is the best worst app in Google Play Store,negative
Official,positive
"You who are just a creator like me, don’t be afraid to share your experiments. Every small try teaches something new, and one day your experiment can become your success. 🚀 Keep testing, keep learning, keep sharing.",positive
excellent 👌,positive
too much add! just fade up,negative
facebook sucks now too many adds. ten out of ten app sucks. meta is useless could not verify my address 8 times for my daughter's vr headset. and put multiple holds on my credit card for the advanced replacement. terrible customer service.,negative
funny as hell. keep em coming fellas.,positive
well put.,positive
so sweet family,positive
I like tonused this but now I am so sad because it's not allowed to open,positive
NO: 1 all in one if you realise that!,positive
the best,positive
khub Sunder rannagulo egiye jaan safollo obossoi asbe .❤️,negative
thank you fecebook femily,positive
it's a great app,positive
This is a great app I will prefer every one to try this app I have not a single complain at this app This app will join your relatives who are far away from you Guys I am say exceptionally that in your life at least one time try this app.,positive
Fully fresh and authentic.,positive
ঈদ ঈদ ঈদ ঈদ বাংলা,positive
মাশা আল্লাহ,positive
fecebook is best,positive
its on the easy.🫥,positive
very nice and easy for me to take the rest,positive
Very good good,positive
My Facebook app is opening and closing auto,negative
can you stop asking the user if it's still watching too much of a hassle to click it continue or back after watching one video do you feel me? remove it,negative
"It is not an app, it is a place where people all over the world can connect,chat,and share moments easily.",positive
"My Facebook has only English songs. No piano songs, so i nolonger put story because of this problem 😭Ola try to help",negative
truthful,positive
this is good,negative
good Facebook 🫡,positive
over 20 years experience wasting my life on this app....,positive
why my Facebook account are always disabled?,negative
love you,positive
"খুব সুন্দর,,,",positive
"Fast and easy to communicate your relatives, friends and etc.",positive
ممتاز,positive
palay Facebook,negative
There's so funny and stress relief and there content hindi nakakasawa panourin,positive
ok... but some tweeks are pissing me off. like the side menu that keeps popping out,positive
Good ap,positive
All of the sudden I have a horrible background music playing. as I scroll through Facebook. the only way to mute the music is to turn off all sounds on my phone. It is not a video playing. it is just background elevator music.,negative
"perfect, old is golden",positive
very good app 👍,positive
very good and fine,positive
very slow,positive
আমি অনেক ভালোবাসি facebook,positive
Facebook duniyace,positive
like,positive
I can't reply anyone on Facebook plz fix it,negative
It is a confidence builder and teaches them teamwork and the importance for all the girls and boys to work together and get along with one another. And that anything is possible when you work together.,positive
"my account was disabled and it managed a page that i dedicated my own life to build i try to appeal when they send me mail i did that with my National ID card in my country and my face and my account and l did not and they don't say i violence rule they just said for verify and i uploaded my id info and they said the permanently disable my account which manage a page that i dedicated my own life to build is now stranded online,my page name is : (AeAOneTime)",negative
so good of contact with my friends,positive
"Facebook has lost its way over the decades. It used to be just about connecting with friends and interest groups. Then it monetarised and filled with Ads that block and take up content. Now it actively tries to throw content at you, which may or may not be AI generated images, video and AI written pieces of misinformation. I miss the original functionality of the site which has been impaired by creep. It still has its uses for keeping in contact.",negative
worst App time waste,negative
Good App 😄,positive
very very so beautiful platform amazing and so beautiful platform,positive
"BRO!!!! Dishwasher, air conditioning, solar panelling & at the very least a communal freaking BBQ should be standard building code in this hot, simple, expensive but still boozy country!!!! Can I get an ""hell yeah""!? xx",positive
"There's a bug on reels when I watch it has a blank space on top please fix it i try so many options, i uninstall and install it but i can't fix, i try clearing storage and cache and defaulting my phone system and it has the same results",negative
I'm so preferable to utilize full of this Facebook pages as my favorite... .,positive
I Lou you Facebook team,positive
frankcojames frankcojames frankcojames,positive
it is very good application ❤️,positive
Ad covers half the screen blaze runner style. Don't give your money to lizard man. bad,negative
The Best Sight ever!!!!!,positive
I hope it can be given a location so we can know where the person we are chatting with is from. It should also be visible on the map likeapps life360,positive
too much slow,negative
Nice💕💕💕💕,positive
nice unstamable,positive
good Facebook like,positive
live action,negative
"I had an account in facebook and I have no idea whether someone hacked it or not but while logging into it , facebook demands a two step verification process and trust me , I have never done that thing ever with my account. I don't get any code in my authentication apps. also when i try to verify myself with my face and id like voter or aadhar card. the app glitched , preventing me from logging into my account",negative
fb is the best,positive
Facebook start jindgi barbad 🙏🙏🙏🙏,positive
good fine,positive
"apple s and contains टेक्स्ट बॉक्स में टेक्स्ट चिपकाने के लिए उस पर टैप करें.किसी टेक्स्ट को पिन करने के लिए, उसे दबाकर रखें. अनपिन किए गए टेक्स्ट एक घंटे बाद मिटा दिए जाएंगे.टेक्स्ट को पिन करने, जोड़ने या मिटाने के लिए 'बदलाव करें' आइकॉन का इस्तेमाल करें.Gboard के क्लिपबोर्ड में आपका स्वागत है. आप जो भी टेक्स्ट कॉपी करेंगे, उसे यहां सेव किया जाएगा.",positive
I've got no complaints at all ..for me using the app has been good.,positive
I ❤️ fb,positive
🙏,positive
excellent 👌👍,positive
لعنت ہو,negative
greqt,positive
awesome way to keep in touch with your friends and family,positive
very good but please don't remove my account okay,positive
"my account way disable, but I don't involve in any violations in my all account.",negative
I hope your life is as awesome as everyone pretends it is on Facebook!,positive
full of ai videos,negative
"this app became sht after entering meta.. i can't even login in another device 'coz it's automatically prevented even tho' i clicked ""yes, it's me"".. i tried everything and still the same.. trash app",negative
I like the facebook fan all family members saput,positive
I had a great experience as nice platform to have meaningful conversations and relax your mind after a busy day. The interface is clean and easy to use.,positive
Best app features,positive
loaded with ads now,negative
Best way to keep in touch with those you love! 😀 ❤️,positive
us may scam bahot zeadya hae,negative
well done Facebook op website,positive
wonderful,positive
😢women don't reply our massages,negative
nice platform,positive
Can it be used...?,negative
Nice video,positive
Facbook is greate platform,positive
Eye opening.,positive
it's a fantastic😊 ❤,positive
I. Updated my Facebook but I can't log on to it..,negative
the new Facebook is worse than before! i hate Facebook now because all of my accounts are suspended even though I didn't do anything and I followed the rules and it still suspended my accounts!,negative
Thank you,positive
Downloading nahin hota hai,positive
"so buggy it's barely usable, can't find anything I actually want to see",negative
"it's all fake, everything is A.I",negative
App is broken more often than not,negative
"If there's a 0 star I will do it. My account has been disabled and I'm trying to appeal so many times. But the response is ""something went wrong, please try again."" I've been messaging but no response.",negative
How can fix my fb loading,positive
🙂👍👍👍,positive
Informational,positive
alot of glitch and never care to fix it poor developer in 2026,negative
what a mess!,positive
tp ❤️ smile,positive
why not updated facebook,positive
goog work bro,positive
it's funny and exciting 😁,positive
"worst update ever, they force you to watch reels while opening the app for the first time!",negative
"Best honey ever, I wish we can live closer to buy more , we were back from Clearwater, and we saw your Honey stand! Best purchase ever!",positive
Just brilliant love it,positive
best way,positive
Needs to improve...,negative
Slow 🥹,neutral
mind blowing app Facebook,positive
"it's a great app ik, however this past month. I've been receiving notifications, that my account is suspended. i already submitted my appeal and this is my second time, i check my timeline if there's a post i didn't follow their community standards, and i didn't see something wrong with it, i only sharing animal welfare awareness and nature so what could be the problem and where tf out i didn't follow your CS so you can suspend my account? I'm changing this rate once i got my account back.",negative
exceptional excellent 👌,positive
"it's very useful to and helpful to be able to have this app to allow me and so many other family, friends, business to communicate with each other from online website. Thank You for Making it so easy from afar talk and do business online. God Bless the Brain to be able to and function as it should so that we can open our minds to be teachable and willing to want to learn more each day. Amen ❤️",positive
all things is the best 🥰🫶🏼,positive
Enjoyable,positive
nice ☺️,positive
"Great to keep in touch with relatives and friends that live far away, love seeing their pictures, actually you can see the new generations growing up; even when they live in another country. I think it is fantastic.!",positive
akdom bekar valo nahh kichu kichu somoy time wast you are not download this app 😖😡 ai ta nah download kore kichu books porte paro ota kaje debe ata nah download kore,negative
My facebook account was suspended for no reason and I submitted an appeal on 24th October 2025.Till now no response and I'm waiting. Please revoke my suspension,positive
BEAUTIFUL ❤️ !!,positive
a perfect app to socialize,positive
I like,positive
too many Adds!!!! 😡,negative
It not working and show videos movies,positive
Best performance app thank you ❤️❤️❤️❤️❤️,positive
glitches...glitches and more glitches,negative
my account has some issues dissolve this,negative
super osm,positive
facebook very use full,positive
md. Jahangir,neutral
love you Facebook,positive
hoih lua gel cie la zong ngaih ma mah ei,positive
Fantastic opportunity for accepting the season,positive
"money and fast monotize tool my I'd name is ""MAHESH CRICKET POST""",positive
"everytime facebook stops my reels to ask if im still watching so that I have no choice but to watch their stupid ads, I exit the app immediately",negative
very God,neutral
F. Book Of . Face ?!?! 😘 This IS 1 no 3 of them days in 1 Couldn't even get out of my county after attempting 3 times....... I guess I give up till the morning How ever all is working as it is.,positive
very good 🤠 it's a hapynes give me on this Facebook Park 🏞️,positive
disturbing post overloaded,negative
customer has cute facial expressions that show of them have thankfulness for others caring about himself and about being surprised with love by one good hearted family friend.,positive
over irritating content,negative
haven't used to much so short review,neutral
dear Facebook team please help 🙏 my Facebook account my Facebook account has been disabled without any reason and I am not break any rules of Facebook 🙏 so pls I request you pls check my account again and back me as soon as posible. my account link 👉 deepak yadav,positive
if Facebook remove all the fake news AI videos than it would get a higher rating,neutral
good stand,positive
"cant watch live feeds, garbage app",negative
Nice Apps 💞,positive
so bad app,negative
Facebook is very important need to someone is the real life I salute Facebook owner and people,positive
Dr G n Majumdar Anand,positive
it came on my phone and can't get rid of it. Facebook is for old ppl dude. not a teenager like me fr chat,negative
good facbook,positive
You're a super star ⭐,positive
My Facebook account isn't getting as many followers and likes as I expected.😍😊,positive
"sound does not work when watching videos, and when playing words with friends on the Facebook app, there's an ad banner at the bottom that blocks me from playing the game. I reported but problems to Facebook and the problems still persist",negative
"My experience with Facebook has been smooth and easy to use. It’s very helpful for staying connected and also useful for business. Overall, a great app",positive
बहुत अच्छा फेसबुक आपने बनाया है लाइक क्यों करें,positive
happy happy,positive
where r u remember collection option,positive
good company,positive
why I can't open this app from my tablet? 😥,negative
good but sometimes glitch feel,positive
Outstanding,positive
update problem,positive
this is a good app for creat any relationship 🤗,positive
Sooo sweet app,positive
I Love this,positive
After hiding my posts in marketplace from public (who knows why). I closed the account. I try to open it again and it comes back as permanently deleted followed an appeal (that I never requested as such). Hundreds of people going through the same and they don't provide a real explanation or a pathway to solve the issue. At least now I don't have to deal with their abuse with data collection. Useless company nowadays.,negative
please unsuspend my account Yashkumar patel birth 31 oct 1998 please unsuspend my account thanks you 👍👍,positive
not stable,negative
it's Facebook,positive
"Facebook is a great platform for staying connected and updated with what’s happening around the world. I like how it brings together friends, family, news, and entertainment all in one place. The ability to join groups, follow pages, and discover content based on my interests makes it engaging and useful. Marketplace and events features are also very convenient. While there can be occasional issues with ads and privacy, overall it’s still a powerful and versatile social media app.",positive
It is good app,positive
I like it 👌,positive
time west app,negative
not proper work,positive
loverherozoriful,positive
weekly task complete karne ke baad bhi or achivement wale task ko bhi pura kar rha hu lekin fb par nahi rha he.... 1k views on a reel wale ko do do baar complete kar diya he but achivement complete nahi dikha rha he,negative
to many fake ads,negative
thanks facebook,positive
"A powerful and versatile platform to connect, share, and stay updated 🌍🔥 Easy to use with endless content and communities. #Facebook #SocialMedia",positive
what a good looking family,negative
it had been useful,positive
Ashok ❤️❤️,positive
my account was disabled by Facebook because it was hacked and I'm trying to recover it,negative
please follow and share my Facebook account 🙏🙏🙏🙏,positive
I've been using Facebook for a little over four years and I enjoy posting and sharing songs and reels through my stories and posts! it has it's problems just like a lot of other apps keeping fake profiles off and keeping scammers from impersonating people! Hope they figure out an up to date better way for solving these problems! 🇺🇸🙏💪🇺🇸,positive
good warking Apps,positive
thanks Facebook page,positive
can't even disable chat in my Facebook post in my Facebook account alot of them are commenting bad things about me and there's nothing I can do,neutral
Facebook kaa onek dhonobad🙂,positive
Lovely,positive
Freedom first,negative
it's good out here,positive
It's different as long as you can entertain people by posting or creating content or vlogs to alleviate people's problems.,positive
update wait,positive
بہت ہی اچھا اقدام ھے,negative
excellent💯,positive
I have had nothing but trouble for the past 2 years on this social media platform. I have made multiple accounts and am constantly being hacked and cyber bullied. This needs to stop! I used to love this app but the hassle isn't worth it anymore.,negative
useful apple,positive
"This one is much better than me, you can also see that Facebook is very good 👍👌😊",positive
Good👍,positive
very good explanation,positive
Meta has allowed Facebook and Instagram to become a marketplace for predators in search of children upon whom to prey,negative
shil o,positive
very nice ❤️❤️❤️❤️,positive
I'm writing this because the meta team kept on suspending my account. This application isn't fun and useful anymore because a slight flaw of your action the consequences they give you is truly severe and sad because how could you suspend and go through our private/group chats then so that means you can entirely read all the messages we sent to one another!,negative
lockd me out of my acc,negative
Very good condition and helpful the apps,positive
sobrang smooth gamitin,positive
very nice Facebook i love Facebook,positive
good 👀🥰,positive
very nice facebook,positive
so beautiful love Facebook friends Facebook team,positive
supur,positive
fulchand,positive
Cool,positive
Please fix how the app rotates on its own even when your device's screen layout is locked.,neutral
i give 5 stars,positive
Slow,negative
its supposed to be good but you just disabled my account for no reason. so now everything that connects to my fb got lost and appeal doesnt even help with my problem? now i cant recover it thx fb,negative
plz facebook my video viral,positive
excellent 👍👌,positive
good most app,positive
"It's a very nice app,u meet Friends from around the world.",neutral
met all expectations,positive
"thanks for the community policy and lots of good things like news, friends and family many more I really appreciate your services.",positive
okay right right now,negative
a cumbersome to log in on a new phone,positive
"I have bad experience with the app because every time you sign, it signs you out occasionally .",negative
sad to c Ur mother passed away I lost Mt mother 19 yrs ago an it nearly killed me I'd love to inherit Ur mothers car I'd treat it like it was my own mothers car,positive
The best way I see the world and even meet new people outside,positive
awesome,positive
It's performance is Abit improved,positive
lakshmi,positive
"really good,",positive
Facebook social media,positive
LOVE IT,positive
nice I like it,positive
I will rate only one star because they disabled my acc without any reason,negative
Great to relIve the 90s!!!,positive
I just love it.,positive
mom 2,negative
love.,positive
it help me get to see nackin giris,positive
waste of time and money,negative
"Worst app ever! I used to have Facebook years ago, I deleted it to take a break, went years without. Due to starting a new business with friend, i ultimately had to creat a new Facebook to help network and help build our business. After uploading my i.d., following all the guidelines, and not spamming anyone with a lot if friend requests, Meta's A.I. decidedly to permanently ban me because if ""community guidelines"" with NO explanation! My entire profile and business page GONE! 😡🤬😤😡",negative
Facebook sucks! And it gets worse all the time!,negative
the blue app is the best app to connect and do business 💙,positive
all is well,positive
I can't change my password why always need to go account centre then error.,negative
Awesome community and fun content.,positive
all are my best friend I feel so happy for you.,negative
facebook faltu ha,positive
ferfect,positive
story view problem,positive
One of the greatest social informative apps I've come across in the 2000s. appreciating the freedom of expression..Try this app you won't be disappointed Honeysmacks,positive
ayos Ang content por da best ka d tulag dalawang any sa blog alam mo na yon kung sino ung tinutukoy ko,positive
"Great application But the issue is this When it comes to watching reels, why does the videos pause whenever I just tap on my screen? This makes it really difficult to be able to use the forward or backward button whenever I want to rewind or forward a reel and I tap on my screen, it automatically pauses making it difficult to be able to rewind it to where exactly I want it to be it's annoying pls fix",neutral
It's good,positive
my account was got suspended on a random day,negative
nice🤩,positive
the badest application to ever existe it is created for uncs and it s having a bad time with AI reels wtfffff 🥀🥀,negative
suspending my accounts for no reason! I know many are suffering from the same. but the team is fully ignorant to the issue. downfall is evident!,negative
😞😞😞,negative
This is the best explanation of where we are at in this day and age 🤯,positive
Stupid app that randomly ban / restrict account. No freedom of speech (even with following guidelines). Forced you to do face verify to train their AI,negative
ကိုကြီးညီမလေးတောင်းဆုတွေပြည့်ဝပါစေကွယ်,positive
super ❤super 💕😘,negative
Welcome home,positive
need to get control over all the scams and misinformation all over there app,negative
Time barbaad krne ka jariya 😀☠️,positive
Very helpful finance app with smooth loan process and quick approval!,positive
Facebook Assalamu Alaikum,positive
"I tried to open an account on 10.04.2026. Immediately the account was suspended and proof of humanity was requested. Well I provided that on 11.04.2026 in the afternoon. Two hours later, Meta informs me that my account (that was created the day before, and then barred from use)has been PERMANENTLY disabled because my actions don't follow ""community guidelines"", which is infuriating as there is literally no activity on my account. Meta needs to stop letting bots review these requests.",negative
very nice app for free,positive
😂,positive
"Another update to fix the last update that doesn't fix anything. How do you manage to screw up every update worse than the last one, fire your beta testers, if you have any.",negative
"(I like Facebook the most because Facebook keeps me connected with the world. I thank Facebook.❣️) regard , INAYAT ULLAH KHAN",positive
Very good social media app,positive
rubbish,negative
Good 👍,positive
gets you killed,negative
"this app is pathetic. so sometimes I'd like to watch shorts from Facebook which I don't recommend anyone to do it because of the numerous of ads it shows especially if I was watching a long short, can you believe almost every 1 to 2 minutes an ad will show up.this is ridiculous.well fix it because we don't see this in YouTube shorts! I would rate you with 0 star if that was possible",negative
so cute Facebook ek number,positive
im good,positive
nice amezing app,positive
why music is coming after open face book,negative
mashallah,positive
This App is awesome 😎.,positive
I enjoy seeing friends posts and videos,positive
all our account was suspended and disable .. even made a new account but still suspended.. we didn't know what happened. please Facebook team help us recover our accounts,negative
good👍😊,positive
shabaz,negative
"i need the old version of Facebook, not this",negative
Hello dear facebook team my facebook account has problem regarding to factor authentication I don't have authentication code please fix this problem please help me to login my account back,neutral
Still trying to figure out how my account work. I will write more later.,positive
so fast,positive
just ok,neutral
fine,positive
but there is पक्षपात,positive
নাইস কংগ্রাচুলেশন,positive
it's about time they get Big Chief back on Street outlaws ever since he's been gone it's gone down I stop watching it I'm just reading it just right now on Facebook so hopefully it is true and I'll be looking out for him,positive
"Only hackers are coming, we are playing a game, other guys are hackers.",negative
Love❤🥰🥰,positive
This is a great platform to share the gospel of Jesus.,positive
it's been better,neutral
all fb does is ban you find a meme on fb and share it you get banned for that too.i got banned for what I shared 2 yrs ago. tells you they removed your post but won't tell you which one and contradicts why they banned it in the first place. you appeal and they say fúĉk off. only reason I use this po§ of a platform is to keep in touch with the people I served with in the army. so I hope the people at fb all get buckets of cřáp spilled on them while they tôućh themselves under the Xmas tree.,negative
the app will not stay on my phone!,negative
beautiful interaction ❤️,positive
a great way to connect with old friends,positive
mere me ril dekhnevsla nhi he🤨🤗♥️,negative
very good app 😃💯,positive
This Is My Fb,positive
Message Like,positive
Facebook has revoked my access to Marketplace for selling furniture. They have not provided a rule or highlighted an ad or interaction which is in violation of a rule. There is no available formal review process.,negative
fb authentication cant send code. always bug!!,negative
"STOP ASKING ME TO PAY FOR A BROKEN APP. This ""Make a choice about your ads"" pop-up is a joke and I won't be consenting for my data to be used in exchange for use of this app, nor will I be paying a subscription for an app with virtually zero support, laughable policy enforcement, and scammers being supported by Facebook community standards. Y'all actually penalized my account and removed my comment for ""selling or promoting drugs"" when I was literally speaking against drug use.",negative
no one in person to rely on if you have an issue,negative
truly fantastic,positive
this app is giving hard time to update,positive
It's fine,positive
connect to relatives and friends thank you Facebook,positive
very nice and usfull Facebook.,positive
very good and nice 👍👍,positive
baste,positive
i always have a suspension its already 6x time and i didnt even do anything it says the restriction is about advertising but when the result of my appeal says its a mistake,negative
niees,positive
1st amendment protection best app ever👑✝️✡️✝️👑🙏🇺🇸,positive
❤️‍🩹😅🥀,neutral
good very nice app,positive
It keep suspending my account even though I didn't do anything wrong nor haven't violated any rules.,negative
Friend request not send from my Facebook account and I have this problem from 21days and come this option(you can't use this feature right now)we limt how often you can post comment or do other things in a given amount of time in order to help protect the community from Spam you can try again later....I have this problem in my account.. please resolved this problem.I am very thankful of you thank you,negative
खूपच छान,positive
The best platfom among the people and for the people.,positive
fix the app it keep glitching me out for some reason,positive
Every update is worse than the last 🤷🏾‍♀️,negative
bad contant,negative
gatate app,positive
very happy,positive
Best experienced until today,positive
the app is ok.,positive
this is my fvret app,positive
Fix the bugs. Still can't fix the video bug??? it's 2026!!!,negative
"Dear Facebook Team, I hope you are doing well. I am writing to request a review of my page for monetization eligibility. I consistently create and upload 100% original content. My videos are educational, informative, and designed to provide real value to my audience. I strictly follow all Community Standards and Monetization Policies. I do not use any reused, harmful, or spam content, and I always aim to maintain high-quality and authentic material on my page. I kindly request you to review",positive
"Previously, I keep getting booted off here. I don't know exactly what it is I do wrong because some of the other people I was on with were doing what I've seen seem to me like far more risque or off the wall things than what I was doing, but nonetheless, once again, I'm fastening up to my mistakes, even though I don't know what my mistakes were, but I'll try to be respectful and you know I hope people are likewise. Thanks, everyone reads this.And whoever reads it.You know , for sword , have a g",positive
grate app,positive
ok fine,positive
"Worst customer support I've ever experienced. I pay for verified to receive enhanced support. However, after their system returned an error twice, I've been timed out of asking for enhanced support, even though I never spoke to anyone. The initial problem was that my business profile was suspended from recommendation erroneously by their horrible automated AI moderating. no idea what it saw, but even Meta told me it was an error. still no resolution. been a week so far.",negative
estas muy bueno.esta pagina.,positive
super 👌,positive
less information about me on this site would be greatfull people will not be allowed to use my information thank you,positive
I've been with Facebook Meta since the get go and I refuse to accept that it hasn't improved. Facebook Meta has taken each decade in its stride then makes improvements. I feel that Meta has the correct views to take { ai } forward in the ways some other big friends of networking would. The example of meeting the needs of the competitive market in tech is very well shown on Facebook. However technically we have to respect our security & privacy matters.,positive
love,positive
very nice app sir,positive
So nice,positive
cute,negative
wonderful to use this app,positive
"you disabled my account all of a sudden, thanks your AI and cited that i violated your community standards which I have not. Submitted an appeal and up to now there is no resolution as to when my account will be reinstated. BRING BACK MY ACCOUNT BACK!!!",negative
fb is ads running platform.,negative
nice pic,positive
hard for me to log keeps giving me the run around,neutral
worst platform.,negative
Horrible,negative
Please bring back the feed-style scrolling view for photo albums on mobile. The current grid layout makes browsing less intuitive and more time-consuming. A continuous scroll option would significantly improve the experience.,negative
I like Facebook,positive
fb rocks,positive
Osm,positive
good way to connect to other people,positive
I'm tired of being censored by facebook and the left for doing nothing wrong. When I try to post trump 2024 it comes up as spam or possible harassment. But when you post biden or harris 2024 it posts no problem. Even after Zuckerberg admitted that the left was pressuring him to censor the right. It's still happening. It's as if Facebook is against freedom of speech. They aren't capable of being honest. Just another reason why you should never vote democrat,negative
I liked a post on accident,negative
good app I want more,positive
wow that's awesome,positive
"I have been using it since 2016 ,it's one of the best App.",positive
Still will use but buggy AF. Comments don't show right away & haven't been able to use gifs. All since recent updates.,negative
that's my kinda cookie,positive
it's a nice app .. but can't login with my credentials 😕 I've been trying this for days now. you guys to fix that for me thanks.,neutral
talking about 🙅🏻‍♂️,positive
okay 👍.,positive
masaya mag fb,positive
"there's a significant issue in the search in the last update as when I'm searching in my account as an example with specific word, I do not get results, however when I scrolled down, I found posts incude the same word, this issue was not happening before as I used to search previous posts in my account and it was working till last few days",negative
"ads are simply ruining what facebook was. sorry facebook, not looking to pay for this, but ads and stuff from unknown people to follow are simply not what people are in facebook for",negative
Why did you disable my account?,negative
nice to might you Facebook. ❤️❤️❤️,positive
top 🎩,positive
the worst update can't chat family who's 18 or older!!?,negative
good exprience,positive
Bulok wala namang ginagawa pero suspended facebook,negative
Please allow all the persons to watch all the videos some videos are not opened,positive
It's so good,positive
the best of the best,positive
Facebook why are you making us stressfully with your malefaction or what so ever and why my account and other user of there account on Facebook got banned with no valid reason? it's so random that you do that to us we had important matter things and how do we communicate???? please fix this ASAP,negative
Restyle with Meta AI not working,neutral
exelente 10 de 10,positive
good 💯 Kya bat,positive
Ayo maff,positive
I love this ❤️😍,positive
my account got suspended with doing nothing bruhh,negative
I just want to be safe,positive
this app is ogm,positive
California carnivores never disappoint!! your plants look amazing!,positive
Best social platform ever,positive
আচছা আমি ফেসবুকে দোকানের অফসেন আসে না কেন হে,negative
❤️i love ❤️ facebook ❤️,positive
Good luck,positive
is the best,positive
im watching reels and every other video its only showing the bottom or top half of the video and random music keeps playing when im looking thru marketplace this app is getting worse everyday,negative
Propaganda slop,negative
caring knowledgeable respectful from first phone call to organising all arrangements accordingly professional friendly service provided with an injection of humour at precisely the right level thank you for looking after my late wife on her final journey,positive
good!,positive
this is worst app 🤬,negative
"no, do not share my info.",negative
thish app is so heple,positive
perfect app,positive
every week it's another hoop to jump through for useless information and disconnection from the people that I want to be connected to,negative
very very 😔 bad,negative
plz Help My Facebook page some issu problem solve,positive
only advertisement,negative
👍 👌,positive
"If a linked game account is suspended, the appeal process takes ten days or more to be approved.",negative
"sooo many adds, can't watch a video peacefully, disgusting. previously i liked fb, but now I'm losing my interest with new updates..",negative
time wasting apps,negative
Do not share my information without my permission.,negative
🌟🌟🌟🌟🌟,positive
please don't remove my account because sometimes I forgot my password,negative
gud look suprb fantastic adorable,positive
😆,positive
Very good...,positive
🤩🤩,negative
why should it include my device info?,negative
Both good and bad🫰,positive
👍❤️❤️❤️❤️,positive
My previous account is not working please help me facebook for open my account properly 😕,neutral
"it's a awesome to spend time on facebook,",positive
ISSA LORD!,neutral
ilikemusic,positive
iloveit,positive
ka tan chuan a tha ber anih hi... nuam ka ti ber bawk,positive
not clear enough,positive
not sure today,negative
disable my account,negative
🤍,positive
"you keep banning my account all the time I don't know why is that but I believe someone else is using my phone number and it's not me and I hate Facebook from now on may This social page will be ban forever. I keep making new accounts and making friends and you guys keep deleting my account form now on I'm not gonna use Facebook you lost a regular user, and I wish others will quit this app too......",negative
nice.,positive
David abd all the bellmen are awesome!!!! I,positive
horrible,negative
it is very good to use.,positive
"i feel you day cindy you are young and has time to get one someday,,,dont get into rush .....",positive
"This new Facebook layout is easily the worst one yet. As someone who's a professional creeper, I can’t see what pages people follow anymore, which makes it impossible to see if we actually have anything in common. I can't even see what pages I'm following. Huge step backward. like who even approved this😭",negative
"I don't have experienced about this new face book of mine, but maybe excited n thank u",positive
Helpfull app,positive
Everything is awesome,positive
good job 👍,positive
i don't mind people looking at my life and pictures if they want.,positive
it's the Book!!!! It's a part of us now...🤷🏿‍♂️,positive
nice afk,positive
special good,positive
"The video auto-rotates even when Auto-rotate is turned off. It’s a hassle when drafting comments while lying in bed. It was fixed in an earlier update, but now the auto-rotate issue, which only happens in the Facebook app even when Auto-rotate is off, has reappeared after the latest update. Why?",negative
excellent app ever,positive
Top notch accessibility. its features are great and easy to operate. you really don't need a guide cause it is made user easy and friendly 💯. I love it always.,positive
Nice to have it.,positive
fab thanks,positive
"This banned all my accounts, even my game! This app is sucks.",negative
dia muito Feliz,positive
ಗುಡ್ aop,positive
very good 👍👍👍👍,positive
super,positive
super version app,positive
stop changing my settings!! I keep it on dark mode it has been for years and now every day it randomly goes back to light mode and sets videos to autoplay on my feed!,negative
everytime I sent comment even it's not bad I always get suspended some people leave a comment harshly yet their are not suspended also the confirmation for AI is kinda Hussle always need to validate if your a human and it takes some time,negative
too bad performance without notice and information block id...,negative
really awesome,positive
neeko nai thin nikeri nai challo,negative
pa heart po sa mismong page,positive
ok ok,positive
I love that,positive
This Good 💯💯,positive
Does not allow other apps,negative
helpful and trusted app,positive
"always bugs and glitch while resetting password, account is not safe",negative
very very nice,positive
I like the app.,positive
Very Nice,positive
This is the best experience ever 😄😍😚,positive
Very nice Very good,positive
"I've heard all the negative issues people think about Facebook but I've had great experience with it. I enjoy the information that I'm fed, the ads that I'm pushed, the articles, the connections with friends and the groups that I'm a member of.",positive
CONGRATULATIONS!!,positive
I thank GOD for allowing this platform to hear truth and also share it. I pray that this platform will stand thru time so as long as it serves HIS glory and purpose.,positive
This time I made sure your entire network gets in trouble for the people chasing targeted harassment and there starting all that and here I report them and you do nothing about that No this time a torte claim is being filed and we will see what happens I filed a state consumer complaint again Facebook I am.seek of being insulted and people being rude on there I got enpugh screenshots for the state to see and they will go from there.,negative
hope,neutral
मिटा दे,negative
good Facebook time and meta for every use the app download creative fb content 👍👍👍👍,positive
I'm so happy datt.Georgi Adams.,positive
It is good for everyone if u wants bhojpuri u see 🙈 if u want english u see if u want hindi u see 🙈 if u want funny 🤣 u see 🙈,positive
🥰😎😍,positive
Interesting,positive
good nicefor tnx,negative
I am using Facebook for game only,negative
very use full,positive
"my account was permanently disabled it sucks, that's my only account and i used it to communicate with my co workers and have some very important messages, why would you disabled my account??",negative
loved this trip. doing Broome to Perth later this year. next week off to New Zealand. solo 70yr old lady traveller. honestly if you are in the same position as me you will not feel out of place or lonely doing a trip with FOF,positive
miss you so much,negative
facebook is ok,positive
"Man that they took out the the the option to add people to your video chat. Facebook Messenger now sucks,why when something is good, people tend to screw it up,smdh please fix this issue?",negative
nice🥰🥰,positive
"Dear facebook Team, my account Chhotu kushwaha) has been deactivated. I believe this is a mistake as I have always followed all community guidelines and terms of service. I request you to please review my account and reactivate it as soon as possible. Thank you for your time and assistance.""",negative
It's awesome,positive
"I scroll 10 posts, 8/10 are ads, this is annoying and makes the app useless",negative
ভিডিও মিউজিক চলতে থাকে।কই দিয়া চলে খুজেও পাওয়া যায় না।,negative
nice app social media top Facebook,positive
get your mood better 🌸,positive
"The first video plays continuously when viewing a post with multiple photos and videos. When uploading videos and editing the date to match it's recording date, it does not change at all. When editing a post on Instagram it doesn't sync to Facebook. And when you do edit the Facebook post suddenly the location will be removed when saved. Not sure if they even have QAs for these. It's impossible that they missed this. There could be more bugs but these are the only ones that I can think of atm.",neutral
link people anywhere.,positive
altab bhai altab bhai aapki video ko number 83 video Hai Sahi banaen 🥰🥰🥰🥰🥰🥰,positive
good ap😁,positive
bhout jakkas ......,positive
2026-04 can not hide reels. bad ux for search,negative
I am happy,positive
jey hind,positive
I hate it because it has very bad things,negative
"I cannot log in to my account that I use on my other phone. I check my password, my username and basically everything that could possibly be the reason why I can't log in, I even gave up and just decided to create another one but it was also denied it said they cannot create a new account for me and I should just try later so I did yet it did not work. I hope this get fix because I'm not the only one who's having a hard time here.",negative
Atmospheric moody greatness. Real stuff.,positive
"The app is very good, I like it very much",positive
better,positive
irritating,negative
এইটা আসোলেই খুব ভালো। ব্যবহারের জন্য,positive
Facebook is the best of social media platform.,positive
অসাধারণ একটি প্লাটফর্ম,positive
amezing app 🔥,positive
Too much ad also the ad sound keeps getting on application even if i go to another page,negative
terrible experience. will suspend and eventually delete accounts for the dumbest things regardless if they are actually bad or not. y'all's new AI is stupid and lazy,negative
incredible apps,positive
videos are going slowly,negative
just got my game back but not the 🎮 score can someone tell me what I can do,positive
im no happy,negative
facebook number 1 app,positive
pal manglesh pal ji ❤️,positive
good 😊👍,positive
I love the application😉 💋💗💗💗💗💗,positive
display size problem in video,negative
it's very good app,positive
Facebook is good 👍,positive
It is Facebook. What is the there to say or comment on? Hooray for data harvesting?,negative
keeps switching screens,negative
vry nice,positive
"this is one of the best out of the best place, that you can make it possible for your self in life 😅",positive
"deletes accounts. i hate it, my account has been suspended out of nowhere, two of my accounts, and when i made a new one it got suspended again and again, worse experience. Please fix this issue and do better.",negative
sooooooooo intilegent,positive
meri bhi video viral ho rahi h ab,positive
it's not on the latest even though i updated it and it has not like have the others music to their photos when posting,neutral
thanks for you nice,positive
exxelent,positive
video breaking scratch sound,negative
මගේ පේජ් එක follow කරලා සපෝර්ට් එකක් දෙන්න,positive
all is good Facebook,negative
Poor. Far too much suggested content appearing in timeline Vs posts from followed users. Why does FB think it knows better than me what I want to view? It doesn't. Most reals are AI generated rubbish or ads. About a third of content is repetitive ads. Not a good experience.,negative
"There is no way that a weekly update has had enough beta testing. I think that it's time the team thought hard on how to rip out some bloated code and shrink this giant app. Please use the beta programs for your beta apps. back again, wondering why this app is now playing music randomly when media settings are set to not play anything automatically.",negative
it's good. but hoping i can edit/add music to my past posts or posts from insta,positive
very bad pls don't use this app any more,negative
supar 😊,positive
"Absolutely retarded app and getting worse with every update (no surprise there). try opening Fasebook Market on android phone and then try closing it (without killikng the app). come on, try it, i dare you.",negative
I dont really use this app besides messenger and I got suspended even though I never post on it?,negative
"stupid! never works the way it should. specially when it comes to the way the kids messenger app works! trying to add a friend for my daughter and I keep getting a message to update my Facebook app on my screen. okay no problem I'll just update my app, oh wait!!! there is no damn update to be had. this is just the tip of the iceberg.",negative
it won't work for me unless I have wifi but other than that its very nice,neutral
r_k you can do you,positive
lovely experience,positive
Enjoy life in Facebook,positive
"Facebook is great for keeping up with updates, groups, and events. I like how I can connect with people and join communities. However, there are too many ads and sometimes the feed feels cluttered. Still useful for networking and information.",positive
five stars.great,positive
thanks fb i can post my picture and videos,positive
Too many ads.,negative
nice app ♥️,positive
#1 in Communication and Social Media,positive
Amal Gayen very good,positive
Facebook is very good app,positive
wonderful experience,positive
I really love Facebook but the problem I am facing I don't think Facebook needs my love 💔,negative
Ali ot kanapia,negative
5★,positive
👌 best,positive
login problem solve this problem,negative
no music when i post my pictures,neutral
post live and comment bahut dare aye,positive
"A bug in the Dating notification. Even though I have already cleared the notification, it still reappeared whenever I opened the app again. Please fix this.",neutral
"This app needs great improvement. It makes me feel stuck, there's a need to change.",negative
🥰🥰🥰🇧🇩🇧🇩🥰🥰🥰,positive
BOSS,negative
thanks for fecbook........,positive
valo vutiful,positive
"This is the site I chose as a source of comfort, information and humor. But some go so far as to make it a source of income as well.",positive
na iistalk ko si crush,positive
"The Best social media flatform, love it 🥰",positive
This is most useless social media have come across my account was suspended wrongly without even have my consent and i didn't go against the community rules and regulations and after that if i apply for the appeal form instead of finding solutions to the problem you will be saying i should email the person i infringed there trademark. Facebook representative is needed for this solutions,negative
The best app,positive
"It lags, it froze, and just crash at aome point. Cant evem browse neatly",negative
awesome sause,positive
cool.,positive
ibalik niyuna messager ko,positive
nice song,positive
Too much AI. People share waaaaay too much personal info on here.,negative
Absolutely phenomenal experience! 🌟 Everything exceeded expectations—from the quality to the service. Truly top-tier and worth every moment. Highly recommended! 💯🔥,positive
verry goog,positive
عنصري,negative
exactly 💯,positive
I am very lucky as a Facebook users because It's a global platform and I am share my all about thinking so thanks a lot my friend Facebook,positive
Real estate Trusted,positive
why can't use when don't have data🥲,positive
Nice apps,positive
"Silent original owner takeover, my brother has moved elsewhere!",positive
Thank you my facebook,positive
ads pop up on reels every minute since meta update,negative
My option to share posts from Instagram to Facebook refuses to work. All the settings are correct and I had no issues until more recently. I have tried so many ways to fix it with not success. The integration between these apps is horrible and seems to only get worse.,negative
best of all,positive
"It’s the easiest way to stay in the loop. The interface is intuitive, and I appreciate how easy it is to share photos and videos with my entire circle at once. High quality app that I check every single day.",positive
hello ji good,positive
please on automatically next reels future.,negative
"My 1st,2nd,and 3rd acc got suspended by meta I didn't know what rules did I break but I know I didn't break any rules meta please give me back my account that's for my school account please fix this I'm begging you! please give me back my account please!!!",negative
a lot of updates,negative
it have a good experience I am glad to use this app ✨💯,positive
Trusted and realiable,positive
wowwww,positive
awful,negative
ek duje ke vashte,positive
varry nice this app i am happy,positive
set up,positive
Not thequality i need,negative
This application is very popular around the world 🌍 to help by the new Technology is using by the advantages of communication to acknowledgement around the world 🌎 and to connect to everyone flatform it's very acand,positive
goog,positive
"poorly translated and sluggish when working with photos. getting worse and worse with ux. scrollbars cannot be accessed, translation still poor, forgetting settings, etc etc. seems to have stopped to be developed. rotation not supported. No support for marketplace in the app. No practical way of switching between different roles.",negative
অসাধারণ,positive
"Pyar jindagi hai, Beautiful Facebook Meta AI नमस्ते नमस्ते नमस्ते नमस्ते है",positive
Very good 💯,positive
great .I enjoy browsing facebook,positive
Good platform,positive
"my account has been suspended, I didn't do anything against the community standards but it disabled my account WHAT HAPPEN META!!!!",negative
so Beutiful,positive
I don't know why Facebook keeps giving me problems on my account,negative
k.,negative
veri nice Facebook,positive
my fb account got disabled by mistake,negative
🥹🎀😊❤️🔥,positive
"i lost my phone, and I can't remember my password of my old FB , what can I do?",negative
I am so thankful of this app😊 it helps us to communicate to our family ❤️,positive
bad application,negative
"Everything that she makes is homemade and traditional.She will tell you every ingredient in it.And when you pick it up, she puts all the ingredients on it for each treat.So if you're allergic to anything , you're going to know what's in it. she's a very nice person.She's just trying to make a little business.Go now that she's a stay at home , mom and she's not working all the time... i've got several orders from her for a couple different cakes that she's had available also",positive
"Great app, can't confirm email m.bug. Other than that works great.",positive
"FB Marketplace UI is broken and today its the worst. Back then its blocked with the ""basic access without data"" but today it completely hide any marketplace menu, make search bar under the stuck menu on the top, and last no way I can access it on mobile. How the hell a bug can be worse gradually is amazing. Pls really, fix it.",negative
Very nice picture of Facebook family,positive
app so easy to use,positive
love the free slots,positive
thank you facebook.gnda,positive
🤗🤗,positive
mast Facebook view acche a rahe hain,positive
no pronominal content to be chose,negative
"ok rah, salamat sa pagbuhat",positive
very nice 🙂👍,positive
😭Facebook please recover my personal account my account name sonu baghel please please please recover account 😭my account hacke help my account disibal,positive
They keep us occupied on worldly things,negative
"Account was permanently disabled even after ID verification. Very poor support.""",negative
itong this week subrang struggle ang naranasan ko.,positive
"this app is terrible wow can't even message on it. ghost notifications, etc",negative
nice too know pepple,positive
thanks 🙏 for,positive
ভাইরে ভাই সেরা Facebook রে,positive
this is so good app,positive
new face book Meta update facebook,positive
"Too many scammers try to be vigilant when someone sends you a friend request, and also a lot of scam websites but in all just a good app. Can do better",neutral
"my messages no longer deliver and I don't know why, I no longer chat with people in my inbox",negative
good Job 👍👍👍👍,positive
I was an amazingly enterprise service that are Facebook,positive
"thank you Facebook kudos to my friends, followers and active once",positive
oo nice app 👍🏼,positive
i think it is good Facebook please replay thiss 🤍💗🥲,negative
I am not interested in this ad,positive
It's marvelous to use this app,positive
i love sharing content with my friends.,positive
After update logout option isn't show. thanks,negative
love Facebook,positive
nice 👍👍👍,positive
10 year,negative
Just wow app,positive
hate going to seaside but I love marucas ( basically the only reason whybi go to seaside,positive
full of misinformation and ai slop. only on here to keep up with what the olds send me to fix or teach them about scams.,negative
bahut hi achcha application se ismein to meri ID bhi bani hai free fire ki koi dikkat bhi nahin ismein security bahut hi acchi hai,positive
i hope we can see the (e. g 100 others) on the story to see who's viewed your story in fb🥰,positive
good to using,positive
FB disabled my acc not once but twice.,negative
good services 👍,positive
BETTER THAN THE BEST 🔥🔥🔥,positive
I want delete my account,negative
thank you fecebook team,positive
"For years and yonks FB has been there to connect people with other people, not just friends, also friends friends and so on, so 🫣 hiding was not possible any more 🤩🤣😂",positive
Good 👍 App,positive
. zeero,negative
"very bad, i can't open this app, it shows network error but ihave good network connection",negative
supper,positive
it's good 👍,positive
"A useful and necessary social network for obtaining a lot of information about various fields of life, nature, and different nations.",positive
very nice Facebook,positive
nice 👍 Rana Ahmad Khan,positive
so good 😊,positive
"please bring back being able to go inside albums and either see it by photos alone, or by posts within the album",negative
I always follow terms and conditions Facebook team please unbband my account,positive
it's wonderful 💯😊,positive
junk,positive
altab bhai altab bhai aap video bahut acchi banate Ho HD video banaa Rahe ❤️❤️❤️❤️❤️❤️❤️❤️,positive
useless for PC. I can't even login my account. they keep verify but couldn't login in my account is that any kind of joke or something. stupid developers 👎👎👎👎,negative
think Facebook could quit telling half a story in your video s,positive
i have two years eperienced,positive
love Facebook. I can stay in touch with friends and family that I haven't seen in years. there is some family and friends that I haven't seen since elementary school. I'm 46 years old now and the connection that I have with some of the people that I haven't seen in over 30+ years is so strong that sometimes it feels like we never even parted. ITS AMAZING! NOW I CAN REACH OUT TO THE FOLKS THAT I CHOOSE WHO I WANNA SHARE MY THOUGHTS AND LIFE WITH. w,positive
happy with its front,positive
best app in Facebook,positive
I like Facebook this is very good app,positive
Facebook is Wonderfully Awesome!!!,positive
page share,positive
Love it 😍,positive
"Fun, adventure and wholesome vibes all in one place- definitely worth to follow",positive
5ಉ5,negative
"Everytime i tried to post on a group, the post suddenly disappeared on the group page/feed. there wasn't any restrictions to my account but it still disappeared anyways, even if i shared my post, it still disappeared in the group page.",negative
nice social media 😍,positive
it's intertaining,positive
"I've used Facebook for many years and never had a problem. This is my first negative review I have ever given for an app. They recently deleted my account stating that they were suspicious that I was a bot. I did the face recognition against my better judgment twice, and spoke to one of their 'representatives' who had me jump through hoops for an hour and they still banned my account. BEWARE their AI algorithm won't recognize a real person vs a fake one and steal your biometric data",negative
dope as ever,positive
I'm not happy and am so disappointed with facebook right now. I was trying to change my personal information and suddenly got suspended. I didn't do harm that offended meta but it's actually so disappointing right now. I HOPE YOU FIX THIS META.,negative
stop negative and nude content,neutral
👌,negative
جيد جدا,positive
I did not have the proper ID to prove that I was a female,negative
tofaa best Ethiopian TikTok,positive
easy to use,positive
I would like to say sorry to fb for not following it's community standard because actually I really don't know that what I did on live is against it. Hope you won't restrict my account already 🙏thank you 😊,positive
onek group er comment option e nicknamw set kore onek e amar etay set option e nai kn,negative
"4 años después y sigue la misma calificación. Solo han empeorado. 4 años nuevamente. No ha mejorado nada. Para ver tanto anuncio veo mejor veo TV. Además, por qué videos de 1 minuto o menos. NO SIRVE.",negative
I am unable to send message to my friends and family 😫,negative
latest update to meta won't let me view my active ads..,negative
good for posting,positive
Facebook is the number one app I really love when it comes about chatting and connection facebook can help you find people you know easily through your number all your name,positive
Friend's... my facebook me aap ka suwagat he..,neutral
you have a great knowledge of eucalypts and their flowers. superb pictures to accompany.,positive
just wow,positive
absolute 💯 % garbage,negative
im love n it,positive
Kasi walang music pag maga post,negative
The words are too small. It makes it more difficult for older people like myself to read and I am 44 years old.,negative
😊💞,positive
nice social appcation,positive
still can't log in!!!!,negative
can keep up with family and friends 🧡,positive
veri nice my Facebook,positive
Always popping up on my screen I can't use my phone now,negative
nice job,positive
My experience was undiscribable!!!The closest word would be fascinating!!!,positive
my favorite app,positive
salamat po na marami sainyung lahal,positive
It keeps refreshing my timeline every time i go to another screen like messages..then go back to what i was trying to look at & its gone.,neutral
screen auto rotates in with keyboard pops up in the comment section of a post. no way to turn this off. It is not an Android problem.,negative
grow my account,positive
"This app is very useful.I love playing games. I love keeping in touch with my family members who do not live close enough to visit personally. I especially like the fact that on any Facebook post, I can remain anonymous.",positive
very nice application the best app download now 👍,positive
",💖💖",negative
verygy,positive
good App,positive
"I've had an ongoing issue where every time I try to sign in, it brings up another prompt to sign in. It makes the application unusable. I can't use the app until it is fixed.",negative
only update update,negative
falltu app h,negative
ew,negative
crash all the time,negative
Facebook just disabled my account randomly. I'm pretty sure I didn't break any community guidelines,negative
No collage option for story,negative
nice one please make more views notice my page,positive
I am not sure what to expect from mee end,positive
yes n yes,positive
Facebook wow,positive
😊👌❤,positive
suspending account for no reason,negative
Supar,positive
early access to futures not work please help me,positive
I love 💕 it,positive
"my Facebook feed is blank , the app is not loading . I have tried uninstalling and reinstalling. sign in and out of app and changing between networks and connections",negative
my fb locked,positive
I can't change problem,negative
Disgusting when log out and uninstalled fb.... and re-install the apps.... not able to login...,negative
nice ❤️,positive
"Thanks for being greedy company, and adding ads, I spent 4 times less time on facebook",negative
hii kiya huaa 💗,positive
To many ads when watching reels,negative
ghtiya,negative
good quality,positive
I just got here so I am excited to see it. n I hope it goes well for me I to I'm excited for the phone.,positive
best App but my account is no earning. please Facebook help me earning option.,positive
Still wish you could select multiple different people when deleting friends off of your account.... would make life so much easier.... I've had the same exact count for the better part of 15 years and I have so many duplicates of friends account on Facebook that they no longer use.,neutral
why you deduct into may gcash acvount withoud nowing,negative
cant install Facebook,negative
very helpfull,positive
The app is almost as big as Windows XP !?!,negative
"every time the app updates, I can't see my saved posts. I have to go through a whole slew of fixes before i can see them again",positive
the beast in the world,positive
awsame,positive
Masha Allah ♥️,positive
nice view po lods gnda nman dyn po lods,negative
pag patuloy ang pag tulong,positive
👌🏻👌🏻,positive
its great,positive
"I Like FB ok. But I think we should get an option to delete our whole post and comment history (from day one) at least once a year. All gone. In fact same in pictures & videos. Sometimes your life changes. And old posts, comment, media, media not longer reflect who your are now.",neutral
too much porn allowed in ads,negative
hamnd,positive
i really love ❤️ the app,positive
u know what nakaka irita na nakailang account na ako na gawa tapos I sususpend niyo lng ano na pakiayos naman oh parang ano ano na developers galaw galaw hindi puro galawgaw,negative
"why one star? fix your problem. i can't log in my account in facebook, but in facebook lite, i can. i tried to log in my account and password in facebook, it says that UNABLE TO LOG IN even though my password nor email account are correct. fix this. i already uninstall and install the app, but still not working, still can't log in. it also have a same issue to messenger, but already fixed. to Facebook, i want you to take actions about this as soon as possible.",negative
"Do not boost any posts on your Facebook page. After boosting, Facebook reduces your organic reach so that you feel the need to boost again.",negative
loyal,positive
Facebook make for promote game casino online ? I report page Casino online all the time but It's still have a lot,negative
the community guidelines is suck because our account had restricted for no reason,negative
very useful,positive
they were amazing 👏 🤩,positive
😂😂😂😂😂,positive
good social.,positive
😌,positive
This is the best social app in history. Very easy to use.,positive
Pretty great n' amazing too,positive
"like, lot family from several states on",positive
takes up way too much space.impossibe to delete.,negative
"Bugs on View Reels, the reels video doesn't fit to the screen and instead it would have blank area in the bottom and push the video go up approx 2/5 ratio. please fix this bugs.",negative
why you disabled my acc,negative
Loving my facebook more and more Meta has helped when my account was compromised.,positive
Retarding.,negative
good dance love u forever Pop,positive
vim and,negative
"The ad has troubled me, you idiot.",negative
সময় নষ্ট ছাড়া আর কিছু না ।,negative
Very very good and very nice 🤗,positive
wooooe,positive
super 😊😍,positive
Bin Brilliant lately,positive
আশিক,positive
"trash, ban my account for no reason and I can't even file an appeal, all i get is an error and loading page. Now i lost the account that i have for years",negative
no more Facebook marketplace,positive
love you baby 😘😘😘😘😘😘😘😘😘😘😘😘😘😘😘😘😘😘😘😘😘😘 you baby 💋💋💋💋💋💋💋💋💋💋💋💋💋💋 you baby 💋💋💋💋💋💋💋💋💋💋💋💋💋💋💋💋💋💋 ji Jaan 💕 you too my dear brother and family and I love 😘💕💕💕💕💕💕💕💕💕😘😘😘😘😘 you baby 💋💋💋💋💋💋💋💋💋💋💋💋💋💋💋💋💋💋💋💋💋💋💋💋💋💋💋💋💋💋💋💋💋💋💋💋💋💋💋💋 💋💋💋💋💋💋💋💋💋💋💋💋💋💋💋💋💋💋💋💋💋 you baby my Jaan happ 😊😊😊😊😊😊😊😊😊😊😊😊😊😊😊😊😊😊😊😊😊😊😊 me to you baby 💋💋💋💋💋💋💋💋💋💋💋💋💋💋🍼🐥🐥🐥🐥🐥🐥🐥🐥🐥🐥🐥,positive
connecting the world in ia technology and apps,positive
"Deserves five stars.Because without Facebook, social media is useless.",positive
it is amazing 🤩,positive
vvvv good,positive
"this app is horrible!!!! sign in and it immediately signs you back out. it is impossible to use on my tablet, kindle or my mom's tablet. such a lousy app I wish I could rate it a minus 5.",negative
very beautiful thing,neutral
app is not updating at last one week,negative
lag my tablet,negative
Beautiful,positive
"no update for long time, boring app",negative
"The App you can connecting socially ,friendly ....everywhere,everyday & every moments...ok ...that's fine...",positive
my account and device info should and better be private,negative
video not interested 😔,negative
fantasy 😇,positive
জীবনে একটা প্রেম হলো না আর খালি রেট চাই😤😤,positive
goot,positive
very nice good,positive
"Facebook provides an excellent platform for communication and social networking. The interface is user-friendly, and it offers useful features like messaging, groups, and content sharing.",positive
"Facebook Marketplace is not good. We want to buy but can’t. Sellers don’t share name, full address, or phone number, so ordering is hard.",negative
Still have some bugs,positive
very good App i love it,positive
getting more worse with every update why do you keep deleting recent searches? also how do I turn off trending searches/groups?,negative
valo,negative
i think this apps is so good.,positive
very good,positive
worst customer service I have ever experienced. seems like they switched to ai and it's not even good enough to help out.....,negative
hii nice,positive
how can I connect my phone to renew my category,positive
well,positive
this is very happy,negative
MY 10+ YEARS ACCOUNT GOT PERMANENTLY DISABLED WITHOUT ANY KNOWN VALID REASON! WHAT'S HAPPENING?! I TRIED TO APPEAL IT AND IT DIDN'T WORK!,negative
I hate it,negative
"Facebook Marketplace has become an important platform for buying and selling, but the issue of accounts being banned or suspended without clear reasons is a serious concern for users. Many sellers rely on Marketplace as a source of income, yet accounts are often restricted or disabled without warning. In most cases, users receive a generic message stating they violated “commerce policies” or “community standards,” but no specific explanation is provided. This lack of clarity leaves",negative
തല്ലിപ്പൊളി ആപ്പ് പിന്നെ കൊറേ ad aanu game klikumbol ithinte ad aanu,negative
"This is a good App to use, fast messages and calls wow Facebook is Lekker ❤️",positive
U r doing a good job. Keep it up.,positive
the app of time pass for adults,positive
I want a complaint to Facebook why they promote and sexually video I will report them but Facebook concern me this video will not for teenagers and under ages and 18 years older people can see this. Don't they think Facebook is a social media platform not a porn site Why did they not take action on this type of video maker?? who have children they are really disappointed in this like me . I am very disappointed in this matter and now i am saying Facebook is not safe for everyone,positive
facebook is great app,positive
mate,negative
there's restrictions to freedom of information,negative
"My Facebook is not doing well, If I watch videos the videos is slow motion and not clear, low definition pls, fix it",positive
"""Connect with friends, share moments, and discover what's happening in the world with Facebook! 🌐 Join the community, express yourself, and stay updated on the latest trends. Whether it's sharing life updates, watching videos, or joining groups, Facebook is where your world comes alive! #Facebook #Connect #Community #SocialMedia"" very good app",positive
Nice performance,positive
thanks ceo and need 3 million followers i support poor peoples overall world,positive
The best social side in the world.,positive
it was a nice experience,positive
"That's my first time,so I feel good 😊👍",positive
I am happy to have this app,positive
very excellent 👏,positive
"I dislike Facebook as a platform but redownloaded it after all these years to utilize market place. After not even month, even messaging people without issue on items they were selling, Facebook decided they needed to ""verify my identity"" and force disabled my account until I sent in a video selfie. this account was never intended to add friends or anything like that. Just wanted a simple way to interact with locals while buying and selling. 1 star, I'd like to not have to send videos of myself.",negative
great team highly recommended!,positive
app is poor keeps putting me on to information i did not request and when I try to continue has deleted my details that I already given having deleted it.,neutral
"love you Daniela. love, Grandma Judy 💓",negative
Ai app ta darun,positive
tyàq you,neutral
টাকা,negative
"Facebook is an amazing social media platform that connects people across the world. It allows users to stay in touch with friends and family, share photos, videos, and express their thoughts easily. It provides a space for entertainment, news, and learning new things every day. Facebook also helps businesses grow by reaching a wider audience. Its groups and pages bring people together to share ideas and build communities. In today’s digital age, Facebook has made communication faster, easier, an",positive
screen keeps rotating when you are trying to answer a question,negative
good platform✨,positive
subscribe button,positive
10k followers thankyou very much,positive
"facebook is worst, at the time of posting it says no copyright issues and then after a month is says unoriginal content and suspend your recommendations, fb meta plz don't do this 🙏🙏,,, plz don't waste our time on fb",negative
sabsa acha facebook ❤️,positive
☺️,positive
it's a wonderful photo,positive
ok🥰,positive
super geme patal from,positive
"Facebook sucks and there to nosey, they kicked me off, cause I told the truth.",negative
no dark mode,positive
उपयोगी जानकारी हेतु आभार,positive
bad,negative
I like goods app,positive
It Makes My Day To Watch New Things There.,positive
Raju bhai,positive
optimise your fu.... app tte video player is terrible,negative
ลิงค์บางอันกดเข้าไปแล้วดูไม่ได้ ทั้งๆที่เข้าไปเพื่อดูในตัวแอปเอง น่าเบื่อมาก,negative
I like the selection of games. Plus it moves quickly.,positive
good.. I'm updating my comments,positive
good and fair,positive
that's my girl,positive
too many ads when watching videos. ever 30 sec a ad pops up and basically takes away from the video itself. I absolutely hate this about facebook.,negative
anu Yan meta unable to send code right now wait a minute ilang Oras na Wala padin ganyan padin,negative
beautiful app,positive
nice app otp,positive
I love you Facebook 024666,negative
"Facebook sucks when your account gets hacked and you start getting told that your breaching the community rules or guidelines,how can you when your account gets hacked and you can't login to your account and when things ain't there to report this.but why does Facebook allow people to open accounts when they them selfs are in breach,by uploading photos that ain't even them and their age????I'm so confused about how this happens.this so unfair.",negative
they need to fix this stupid app,negative
"Why does it take me to Chrome browser when I click on a link on Facebook? When I go to Messenger, it shows something like No Longer Available?",positive
very nice to hear thank you very much,positive
it's good 👍 to connect with family and friends.,positive
Facebook All setting reset,positive
Language problem can't convert Hindi to English is problem I am facing.,negative
"make upcoming update version, expect more advanced by users. tq fb",positive
my main account got hacked by an afnahgistan and even though I took my account back and logged it in I just logged out and now it won't let me log it in back Facebook please fix this,negative
can't quick share from timeline,negative
di ako mka log in ng facebook ko,positive
okay,positive
This app make me feel better from stress because it has many funny video,positive
Fazbook Rate this app,positive
world famous platform थैंक यू फेसबुक फैमिली,positive
oh how I love ❤️ 😍 💖 ❣️ 💕,positive
pyae,positive
TILL THE DAY I LEAVE THIS EARTH YOU WILL SEE MY LEGACY 🔥. WITHOUT FB AND SOCIAL MEDIA . NETWORKING WOYLD BE LIMIT. LOVING' THIS APP,positive
"I use Facebook often and I keep having stupid issues with the app. For example, right now I can't access the menu in the top left corner to check my groups right now. Last week it kept deleting posts I put up. Another time the search wasn't working for marketplace. Too many bugs, if my family wasn't in the app I would stop using it. #FedUp",negative
Amazing Fun App And Also Good for Bussiness 🎉😊I Really Enjoing To Use Facebook 😍,positive
my Facebook account disabled,positive
I got some 20 dollar bonus for 50k view on my reel. But Now days I can't get that bonus. plzzz start that bonus in my facebook account as soon as possible. My account name is Debajyoti Dey,neutral
valo app,positive
Good and need for me.l'm pray success more than other social platforms coming Future.,positive
my option whenever you update Facebook it's getting more difficult to delete your account since when you don't remember the pass you go and do stuff yet nothing happened please improve the permanently delete account bcs I'm trying to delete mine yet it's saying go to accounts center I already renew my password yet it does not want..!,negative
darun,positive
headed for ever,positive
"I've been using this Facebook application for a while now, and it has completely transformed my social media experience! The user interface is intuitive and easy to navigate, making it a breeze to connect with friends and family. I love the innovative features that allow for seamless sharing and engaging content creation. The app runs smoothly with minimal glitches, and the customer support is outstanding, always ready to help with any issues. Highly recommend this app for anyone looking to enha",positive
Its been 1 month this app keeps uninstalling on its own. I don't know what's happening. Please fix this.,negative
Absolutely awesome,positive
u the care of ur relationships no matter who it is all get taken care of,positive
good appl,positive
greats aap,positive
"this app legit doesn't have an actual customer service that can ACTUALLY help, we've reported an account that is pretending to be my friend and the only feedback we get is that it's unable to take it down because there isn't enough proof? the literal owner is the one reporting it, how is that not enough proof, the devs are so dependent on this meta Ai that can't even help with a simple request which is to take down a fraud account.",negative
Y'all disabled my account for no reasons at all so...,positive
good app for growth and income,positive
its a poison ces pool,negative
बहुत ही अच्छा है फेसबुक,positive
Amazing service as always! We are beyond blessed!,positive
"it is so exceptionally, that anything it brings is legit",positive
excellence,positive
cool picture,positive
excellent app,positive
my reach has been so down . Increase it,positive
I couldn't create account,negative
exelent,positive
it's a Third Class application. Facebook is unable to secure your personal data. even they can't give you the transaction details done by the meta business platform.,negative
جامد فشخوله,positive
Just bought an cant get facebook cause Simone else was already on it.?I it i s bra and new phone ...,negative
👍 ww,positive
unsuspend my account,negative
nice 👍,positive
veri nice,negative
bed,positive
💓,positive
app is full of glitch 😵‍💫 sometime reel show half screen,negative
HACKED,negative
nc app,positive
Vogus and worst,negative
thik,negative
this is absolutely amazing,positive
🫵🥹♥️,positive
Good app 😁👍 it's amazing,positive
it’s a excellent app,positive
el mejor,positive
achcha Laga yah aap Lamba Bal,positive
think you for the first time open your Facebook 🫶🫶🫶,positive
its good,positive
i'm a story teller and actores,negative
if you delete this app you Will still be seen on it,negative
se escucha música rara siempre que se entra a la app,negative
I like your support 🙏,positive
what happen my account got ban . what I did wrong.,negative
Very Good !,positive
sooo much to talk about ...I don't even know where to start... the app is fun and you also get paid . you get to chat with friends...go live ..do all kind of stuff,positive
good app to connect with old friends,neutral
verygood,positive
"wow, very nice",positive
Excellent.,positive
I am growing spiritually stronger.,positive
goodt,positive
good sir,positive
Merci Face❤️,positive
like mother and daughter ❤️ bahle single nje ngonina👌🎊,positive
ilike,positive
brimo rich,positive
The best app in the world,neutral
nice Love you Facebook,positive
awesome. can you please do something to keep my account from being hacked. please.,positive
🥺💔,positive
god app,positive
"Full of bugs, videos keep playing audio despite muting, it even doubles the track play instead, closing app doesn't stop also. Insane, gets worse along the way.",negative
A faster app to message,positive
I love ❤️ it,negative
very satisfied Love it's,positive
iska monetize karva do,positive
It is very good,positive
Awesome 👍,positive
hahahahaha,negative
when I open Facebook app a pop up show session expired please login again every 2 second,negative
"This app is bs. My account was disabled for no reason. I tried making another one and THEY FREAKING DISABLED IT TOO. I'm getting frustrated man. I use Facebook for school, to talk to my loved ones since I'm away from home, it's the only contact we had and it's frustrated how I get disabled every time. PLEASE FIX YOUR BS",negative
great to see family and friends as don't see them in person often.,positive
"marketplace perpetually flags my listings as ""counterfeit"" when they are not, they are the brand that I'm listing them as. then when I ask them to review my listing and restore it the whole 3 options are ridiculous. I've about had it with the whole app and will likely delete my account and stop using facebook because of this. fix your ai marketplace reviewers facebook.",negative
please solve my problem profile issues facebook family 🙏🙂‍↕️,positive
Facebook protects abusive toxic people who harass others and when the victim eventually responds (because Facebook refuses to remove actual offensive content) Facebook thinks it's a problem. They embolden abusers to be MORE abusive.,negative
i love this app,positive
"সময় নস্ট, মেধা নষ্টের চাবিকাঠি।",negative
The Worst for Its Kind,negative
Uninstalled... only thing I use from Meta is their messenger. The stupidity on this app from millions of people gives me little hope for our future.,negative
g very beautiful,positive
"You made me get a noisy and buzzing text in the night for a stupid reason. I hate that, and probably will complain. Next time accept the code or I'll find another media.",negative
cute apps 🥰🥰❤️🥰🥰❤️,positive
That's good,positive
For the love of God stop changing the layout back and forth! The menu item to the left is absolutely awful. Or update the settings to where we can decide if we want everything to the left or right.,negative
restore the Facebook page,positive
facebook locked me out for no reason. I think it was the AI. It asked me to request a review and I did its been 2 months now and nothing has changed and fb is still sending me emails saying to request a review. can some9ne please help me get my fb account back or at least review my account. I have done absolutely nothing wrong here,negative
Until facebook fixes videos unmuting its own audio I will no longer be using this app.,negative
it's average. no one cares,neutral
thanks po,positive
facboo,positive
the left navigation menu keep on showing at the scareen .this is a bug,negative
very excellent work,positive
it's all about entertainment.,positive
nise job,positive
বালের app,negative
"¹often tap on notification doesn't get you to comment -you gotta find it like an idiot ; ²often BLANKS links in comments = dead & unclickable ; ³hides comments at will like they were never there, sometimes the whole thread ; ⁴THE UGLIEST: DESTROYS YEARS of work done with linkages & hashtags ; ⁵THE WORST: often takes several LONG minutes of ""processing"" to just share to story ; ⁶NEW: flips when entering to typing comment -in portraight LOCKED!🔒 .. 👎🏽 all is just stupid excruciating",negative
akta fb id kohle onek din bebohar korci arekta kohlte cai,positive
A great app ever,positive
plz secure my Facebook accounts,positive
"Beautiful handmade bags, at a really good price, I like how this seller lets us ask for any customizations for any bag.",positive
nice 👍🙂 please,positive
my post public,positive
"just not the best and it's not even close, there are better social media sites out there better than Facebook. Be free and just look around. Unshackle your chains",negative
jyada tiktok,positive
This App very helpful,positive
seems okay overburdened with ads,neutral
great app but honestly someone hacking my account.. i make another account .. but until tomorrow of using there is someone hacking my account!. theres spy on my account!.. all my log in account was in a private! no ones know .. but how they're do that.. i can't make again just like i said bacause there is someone spying me..,negative
Full of bots and fake information,negative
Raizza naa indico,positive
this good one,negative
The app is glitching. The screen keeps flickering,negative
. best of the best things 😔 to be honest 🤚🏾😩😩.. luv this new app features,neutral
Bigla nalang nag disabled account ko wala naman akong ginawang labag sa rules ni meta!,negative
every time I try to comment on someone's post I can type a comment nut i can't post it to the comment box.,negative
bro so many groups that i don't like🥀,negative
পুরানো সব মেসেজ,positive
please Facebook team my account monetize and unfreeze please Facebook team,positive
wth my Facebook acc got disable for no REASON !!! ALL MY ACCOUNT GAME IS IN THERE !!,negative
Add option to disable all AI features.,negative
sheep,negative
restore,positive
very disappointed,negative
"Stop screwing around with Market Place. I want to shop local, so when I click on the LOCAL button. I want to see local items ONLY, not Ebay items, or Farther Away. I just want to see items in the search area I selected. Thank you.",negative
"FOREWARNED: FB occupies MIN'm 1.7 GB of phone storage no matter how judicious users are about saving from FB to their phone. Highly space hogging & inefficient.😱 FB wd steal FAR less storage, mobile data, time & Life if users had CHOICE over what FB fills them with. Instead FB disrespectfully floods users with irrelevant & offensive suggestions of Friends, Fraud, Fakery, Reels, UNLABELED AI images.😖 FB INVADES, slows phones to crawl, wastes space, Brain & Life:👉 🌱 Life Is Much Too Short!🌲😊",negative
"I like everything on Facebook, but when I upload a picture, it gets blurry or distorted. This needs an update.",negative
magkanu po,neutral
best social app,positive
ওয়াও,positive
✔️,positive
communication is easier with Facebook,positive
wag kayong mag download nito nawawala kusa fb nyu i mean na sususpend kahit walang ginagawa ampangeeeetttt,negative
terrible,negative
why have an app that doesn't allow you to create an account?,negative
Looks like a fun filled time!,positive
Love it,positive
my account got suspended even I didn't commit any violations,negative
hi Rs Shagor khan i like you aps,positive
YOU HAVE GOOD DAY 😁😊,positive
no complaints,positive
it's ok.,positive
Facebook sucks why does everything have to be deleted 1 by 1 cant mark Zuckerberg create a selecte all option to delete everything all at once its annoying deleting what you dont want anymore on your profile,negative
this app is so good,positive
I ❤️ those filled pates!,positive
err,positive
why does it take so much space 2gb is tooooo much dude and it bugs a lot,negative
মেসেজারে আগের মেসেজ আসে না,positive
it's an amazing app,positive
আগের থেকে ফেসবুক অনেকটা স্লো,negative
muje bahot sari dikkat a Rahi hai apna account kholne mein,negative
leads you to where it wants to go and can not dislike things.,negative
Vere nice apps.,positive
Facebook is a good place for folks to keep up with each other. I've got a few critiques but I will take that up with the Suggestions Department. Be sure to read the user agreement and terms of use!,positive
let us stay focused,positive
suhail,negative
👍🏻,positive
it's very important,positive
"Chill, problem solved. maybe try to make it less hassle to log in to accounts. and get rid of those old unused numbers. cus some phones gets stolen or lost so the user tries to log in in a new account without the use of binded number.",positive
Facebook sucks anymore. Too many scammers and bots. Facebook is now an advertisement app. You can't even create a page without being bombarded with annoying ads or public pages from things you have no interest in. The settings are a freaking joke and basically do nothing.,negative
good but uses alot of data,positive
"my facebook account was disabled, without me knowing the valid proof that made them disable my account. what a shame on facebook",negative
"Reviews are public, that's logic. Account info included as public, that's nonsense doesn't make any sense. Some people do charity and don't want their name to be public. This is the same idea here.",negative
good 😊😊,positive
Very good app,positive
nice 👍👍👍👍👍,positive
it's a muah😍😍😍,positive
super app,positive
Lacking in discerning truth,neutral
"Please, my request is to have a video download option in it.",negative
cant even open link shared yet cant log in using browser,negative
this app is nice,positive
good experience ♥️ FB,positive
good for all,positive
"Fb is constantly putting things in spanish no matter what my settings are, who I complain to or even post about it. I've been dealing with this issue for almost a year now. I have nothing against the spanish language but I do not speak it. It is incredibly frustrating and the only reason I haven't deleted the app and my account is simply because I have friends and people I want/ need to stay in contact with.",negative
"I’m honestly frustrated with what’s happening on Facebook lately. So many accounts are getting disabled for no clear reason, even when users are using their real names and following the rules. It feels unfair and stressful, especially when important messages, memories, and connections are suddenly gone.What makes it worse is the lack of clear explanation. Facebook just disables accounts without properly telling users what they did wrong.",negative
very good very much,positive
Good post from a great friend.,positive
Love it because it keeps me connected to Family members who live in other States.,positive
the reels are proliferated with garbage AI stuff of no merit,neutral
Facebook app is bad and useless because it's suspended my account without any reason so I'm delete Facebook app in my phone.,negative
salamat sa masisipag at pulidong gawa. mababait din sila,positive
good plotfarm,positive
ay mfethu sothin phela,positive
Not good work Facebook 🥺,negative
bhot accha aap hai,positive
so really cool game2,positive
without any reason mera Insta fb restrict kar diya suspend kr diya 😭,negative
"Most of the videos I watch freeze after a few seconds. Audio still plays. Can't fast forward and go back to fix it. Please fix and I'll give back stars Update nothing has changed.. And now there are pop up ads on every single reel!!! I doubt you'll stop so no more stars Y'ALL. WTH!? ENOUGH WITH THE ADS, IT'S OVERBOARD",negative
2 ads every 30 sec for a 5min reels is just too much. whats next? Fb pro+ monthly subs for no ads?,negative
Good Apps,positive
I think meta is better than TikTok.,positive
thiz app was helpful anything I love it 🥰😘✨️,positive
hi I'm chachi behzad,positive
"Life, Love and Live !",positive
Bringing the world closer together.,positive
so Amazing,positive
Hello Facebook team my Facebook account was disabled please enable my Facebook account I won't make that mistake again. my Facebook account link. sultan khilji s k,positive
"When you scroll through comments,we will have to mind not to touch the like or dislike buttons because you guys put them on right side,right where we would scroll the screen. Whoever thought that was a great idea?",negative
I'm satisfied. It serves me well. No hassles,positive
good appsss.we can see our family and friends,positive
normal,positive
hi dev I'm currently facing a problem while watching reels or video story video showing on top of the reels can u fix that,positive
बहुत सटीक जवाब 👍,positive
i. hate facebook now because i conont see the foll screen and when its 2 fypp na pinapanood ko minsan nag bblack so i did you to hear this,negative
business,positive
hacked by dirty feds,negative
"⭐️⭐️⭐️⭐️⭐️ (5/5) is easy to use and great for staying connected with friends and family. I can share updates, watch videos, and find useful information anytime. Overall, it’s a very helpful and enjoyable app 👍",positive
well service,positive
Facebook is very good social media app than please my contant grow please,positive
"Nak cari info pasal kereta, nak tanya pasal repair rumah, atau nak cari geng hobi pelik-pelik, semua ada. Komuniti dia memang hidup dan paling banyak membantu kalau kita buntu.",positive
🤩app,positive
sexy app chatting,positive
it's goodddddd,positive
good👍😊💯,positive
data jada use hota hai reels dekhne me,positive
I can't find the lock profile category,negative
because you don't want me to download whatsapp app,negative
ok lng,neutral
Its good😋😋😋,positive
smart thing do its all ovwr life hack,positive
im intrset,positive
great experience so far!,positive
I love metallca,positive
I need a upgrade my account,positive
我玩,positive
to many ads..,neutral
❤️😘,positive
Facebook page doesn't open why?,neutral
these app is good so like this app,positive
please monetization issue please solve this problem thank you,positive
رائع,positive
it a big deal for app,positive
JUst cool,positive
It is always a great performance by this group!,positive
thank you facebook nice 👍,positive
amazing app.,positive
i would not like everyone to see my information,negative
🎮,positive
niceeeeeeeeeeeeee,positive
bff cc g gruffy fog um,negative
recommend,positive
very nice and good application,positive
thank youu so much,positive
My account was hacked and then Facebook disabled my account and my linked Instagram account. There is absolutely no way to get a hold of anyone! I am so frustrated!,negative
"1/12/26: Tiene muchos Bugs, me cae mal eso, especialmente a la hora de reproducir videos. Edit 10/04/26: aún tiene los bugs y ahora hay un bug en la carga de contenido, es imposible que pueda subir un video de al rededor de 50 minutos a Facebook.",negative
thank you Facebook,positive
Why am I finding it difficult to create a new account,negative
"The app was working fine, no problems as well. However, I got accidentally signed out and now that i am trying to sign in the the 2 factor authenticator code doesn't come plus I have tried to use the account recovery option to get my account back but it just loads forever after entering the email confirmation code... 😠😡",negative
"was great when I had control of my feed until Canadian sources started being blocked, including ones coming up in my memories.",neutral
nice ✌️,positive
"Dahil patuloy niyong bina ban yung may mouth defect na nga wala pang dinudulot na maganda, kudos Facebook!",positive
My account login nahi ho Raha hai Facebook ko Meri free I'd bhi login nahi ho sakti ab main Kya karo Facebook team please my account login Kara do please,positive
nice.apps,positive
great job on the new memory card for all one address one password 🔑,positive
This app enjoys me a lot.,positive
"fb, amazing!!!! Best thing ever!!!",positive
Better than all,positive
nice bro,positive
vary bad 😕,negative
You are doing good. it's just that you have not remove Facebook ad account from restrictions.,positive
i really like it,positive
very friendly,positive
"Very good app because personally i feel, short learning videos on time management have made my daily travel so productive. instead of scrolling reels, i now learn something valuable through gyantv..",positive
public real trending sociyal midiya,positive
more interest,positive
No support. Barely working service.,negative
keeps exiting the connection and having to sign back in,negative
Facebook company mere ID per Jo content mein station Hai vah nahin dikh raha hai please mere ID ko check kiya jaaye aur content monetization wapas Diya jaaye kyunki bahut tension ho rahi hai mere Facebook company aur asha Karta Hun ki Mera bhi continuous tension mein le jaaye Mera ID ko blueprint naam hai aur is ID ko check kiya jaaye aur usko pata chale ki mujhe kya problem hai aur mere ID ko kuchh problem se bataiye please ID ka naam hai blueprint ise check kiya jaaye aur content monetization,positive
คือถ้าระบบมันทำให้สร้างโปรไฟล์ได้เรื่อยๆ แต่มีแค่ 4 อันก็โดนระงับถาวรแล้วแบบนี้จะทำมาทำไมครับ คนนะครับไม่ใช่ควายมาทำระบบแบบนี้ได้โดยไม่มีสมองคิด เพราะถ้าทำแล้วก็ต้องสามารถใช้ได้ ไม่ใช่ทำแล้วให้คนใช้เสร็จปุ้ปโดนระงับ ระบบที่ความคิดไม่ทันสมัย ถ้ามันไร้ค่าก็เอาออกนะครับ,negative
Too addicting,positive
Marvelous,positive
love it.,positive
bahut Acha okay 👍,positive
many bugs app crashing,negative
Some of the video post on Facebook that I shared on my wall stopped appearing as video I don't care if it's an AI post it's still a video so it should appear as such,negative
I don't know the problem if I open account the next thing they will disable my account I have done several face verification what is going on with Facebook my old account they have disable it too I open another one same thing I open again account disable,negative
"hello, I just want to share my experience about my account, getting disabled, you meta, always said that I did not follow your community guidelines, on which I just created an account, and I'm already 19 years old. I didn't break any of your rules, and since it's newly created, how come can I break one of your rules, I'm also a Christian, and I would never post nor send something malicious or something like ""nudity"" or whatsoever, please FIX IT.",negative
you didn't let me my Facebook what's this,negative
dont like the app or sharing what's going on in my life.,negative
very good 👍🏽,positive
سكسي اوي,positive
Nice and good apps,positive
time wasting 👎,negative
I am unable to access settings or the menu. The 3 line thing on the top left is dead and won't show me the menu. I need help and this is the only way I could ask for it,negative
Amazing and addictive app.!!,positive
Absolute bias towards israel,negative
One of the best apps I've seen so far. And I always enjoy it and upload my photos and videos with friends and family and have fun. Thank you to the entire company.,positive
786ok,positive
love 😘,positive
অনেক সুন্দর একটা ফেসবুক,positive
That is real good.,positive
9app,positive
must the person see the the people who followed clearly and klick to the profile,negative
Need more improvements in this app.,negative
so nice 👍,positive
"It is a very creative tool, that you can use to generate funds irrespective of where you stay or lives, it connects you with friends and explore you more on the better world at large.",negative
"After latest update, we can able to hear the audio only, but no video is playing in the few video reels. Please check and do the needful at the earliest.",negative
very good platfom,positive
"Great for staying connected with friends, communities, and updates all in one place.",positive
good 👌,positive
I hate yall took all my live videos away now I can't see my grandma when I through her last party before she died the following year I'm so disappointed,negative
Very Good. God Bless Team Meta. Jesus He is and who He is our Savior. John 3:16 Job 9:15 Isaiah 41:10 John 14:6,positive
I like this app it,positive
land aap,neutral
আমার আগের আইডি করা জাছেনা একটু ঠিক করে দিলে অনেক ভালো হতে,positive
very nice I am very happy with facebook,positive
reel audio sound flickering... not able hear properly...,negative
looking great 👍,positive
Dece.,positive
My Facebook profile account says no internet connection even though the internet is connected.,negative
very useful to connect with friends,positive
beautiful acting 😊,positive
Ads are getting crazy. Ai is stupid. Can't wait until this garbage is a thing of the past.,negative
unusable for free users,negative
hussnainali very 👍,positive
"beautiful jewellery from Tammy,",positive
what happens to your apps???? everytime I login to my account it always says session expired???what the?? are you serious??,negative
I love you!!,positive
"Hey there! I am now so disappointed. I am experiencing a major issue with the Facebook app on my Redmi 9 Prime: whenever I enter the comment section, my phone automatically rotates, even though auto-rotate is turned off. This issue only occurs on my Redmi 9 Prime; it does not happen on other devices. Please address this problem urgently, as it significantly impacts my user experience and needs a prompt fix.",negative
Excellent job,positive
success,positive
not so good 😕 😞,negative
very nice face book work activity,positive
Don't like these updates that are confusing.,negative
I was use since from 2018 and the fb not viral my vedio 😭😭😭,neutral
suspending clean account,negative
a good Social App...,positive
"10 out of 10 individual projected content, how tf you just know what I'm thinking dawg🤔🤣",positive
useful 👍👍👍,positive
so nice,positive
💯,positive
Every thing time injoy To fecebook 🆔 For you Gyan GaminG,positive
si facebook hang over ata,positive
love Facebook it is great so cool 😎👍,positive
"My account was unfairly disabled without warning. I've tried all available support channels (Help Center, email) but there's no working appeal process, and no one from support has responded. This is unacceptable and reflects extremely poor customer service. My efforts to recover my account have been completely useless.please open my account. That account is very important to me.",negative
felicidades y bendiciones,positive
One of the few apps I use every day,positive
like it,positive
awesome awesome,positive
very well,positive
What the het,positive
hugging 😘,positive
great aap 👍,positive
hate they removed pin song feature,negative
thanx,positive
shandar,positive
Ham kisi ke life mein nahin Ja Pa rahe hain,negative
From the last update everytime I tried to save a reel it's very hard to see the folders name. I don't know why someone thought it was a great idea to put the part where you look for the folders dark gray. Now it's very hard.,negative
ain't what it used to be.,negative
top class app i love it❤️ FB,positive
wellcome,positive
easy and simple 👌,positive
☺️✌️✌️,positive
💚,positive
this app are so good,positive
daming toxic na tao,negative
I love this application because of working very fast and so easier,positive
Keep in touch with friends and family. :),positive
আমিন,positive
this is app very amazing and more reel but this app more mb lage,positive
thanks for a new version,positive
"Equally funtionable to the iOS app. with phones being bigger than ever, would be a great idea to move the tool bar from the top to the bottom of the screen like the iOS version. Thank you.",positive
my Facebook account was disabled without any reason i always use this account for communication with friends and family please help me get back my account name: famous sky birth date: 2006 July 17,positive
Very very Good App A Facebook No Gaeing Page That is very Busy App Facebook Good job Brother Think you Soo Much Amazing Photos Amazing Video chat Vice Avery think I Mean That very Hard Work yes Very Hard intranet Wakes an Policy But I interested For your Avery think Sir,positive
I'M SO DISAPPOINTED ON TRYING TO RECOVER YOUR OLD ACCOUNT YEAH SURE THEY STILL GIVE YOU WAY TO RECOVER YOUR OLD ACCOUNT AND WHEN YOU TRY TO RECOVER YOUR OLD ACCOUNT IT WILL SAY it's not safe to go further to give me a another way to log in what do you mean it's literally my old account and how I'm a supposed to login to another device if that device is no longer working? Useless Facebook support,negative
time loss.,negative
I think I'm going to partner with them and join them into our corporation,positive
wow congratulations bro 👏,positive
punda yenadaa ithu,positive
very poor without any reason my account is locked,negative
"on samsung tab s9. rotate/lock had trouble, no dark mode",negative
sobhan molla,negative
Like this apk,positive
can't see comments! technical error! redmi note 7,negative
this app is awful!!! This app always disabling my accounts!!!😡😡😡😡😡 Fix your service!!!,negative
no customer support if you are not paying meta,negative
i love you 💕😗,positive
အရမ်းကောင်းပါတယ်အရမ်းကြိုက်,positive
Awesome 👌🏼 👏 👍🏻 😍 💖,positive
horrible it keeps pulling up the wrong page,negative
ok too many fake stories. CLICK BATE SMG-M,neutral
good 😊,positive
facebook💖💖💖🎖️🎖️🎖️🎖️,positive
"idk if it's the app itself or my phone, but very great for finding what you like.",positive
"Dear Facebook Support Team, fix my account! my family entire account you got it disabled, we rely on this for communication and yet you disabled our accounts! if you don't want us to use your app just say so! so we won't waste time and effort using your application.",negative
"It's the same as YT.. when I watch it, it's always ads ads ads..it's annoying.",negative
Facebook don't let me make a new account,negative
I love social media,positive
op app,positive
why I cannot open my messenger?????!!,neutral
should be private,negative
one of the most best platform,positive
hacking for ID best,positive
it has good vids,positive
it is like when am out of this world 🌍,positive
working properly,neutral
🫀🫀🫀🫀🫀🫀🫀🫀🫀🫀🫀🫀🫀🫀🫀🫀🫀🫀🫀🫀🫀🫀🫀🫀🫀🫀🫀🫀🫀🫀🫀🫀🫀🫀🫀🫀🫀🫀🫀🫀🫀🫀🫀🫀🫀🫀🫀🫀🫀🫀🫀🫀🫀🫀🫀🫀🫀🫀🫀🫀,positive
good work all system,positive
mashallah jabardast great,positive
use ni,positive
very bad social media platform I don't like this. Instagram is better than this.,negative
beautiful 😍❤️,positive
need app,positive
didja do anything else or good 👍,positive
That is so good.,positive
congratulations 👏👏🎉👏🎉👏🎉👏🎉,positive
each time I watch reels on Facebook the video blinks for three times ?,negative
five star ⭐,positive
Good 👍👍 app,positive
always lagging and always have bugs,negative
😍🤝👌👏,neutral
"My Facebook was disabled. I don't know why. Can you please give me a one-time exception? I use Facebook to login to my gaming account and can't because for some strange reason, my Facebook is disabled.",positive
on facebook my business account Mirror beauty parlour...6 year already used... but from 1month 1hour unlock then 3days locked... problem countinue... please solve my problem.. it's my account.,negative
super 👍👍👍,positive
I've been on facebook for many years.So there's really not much experience.I can share because I like to keep my things private.,positive
auto rotation issue while Facebook comment open.,negative
real good,positive
"It was my first social app, It keeps me linked with family and Facebook Educational is great to keep updated in today's lifestyles socially, financial and personal trends that shape our survival",positive
good 🙂😊,positive
thank 👍 Facebook teim,positive
I really love this app,positive
Thanks you so much.,positive
😫,negative
we need to download the videos,positive
shame they dont look after there exsting members,negative
best 😁🫡,positive
very good for entertainment and public awareness I like this App,positive
suspended all my facebook account,negative
buona,positive
now sucks up all of your internal storage with gigs of data and not in cache. the only way to fix is to uninstall. Stupid.,negative
nc ap,positive
excellent condition 👍👍👍👍👍👍,positive
"I like fb, BUT... I keep getting porn and keep reporting it and blocking it. Then you write a review about a clip, and you tell it how you see it, maybe someone in the video did something wrong, and you comment 'idiot' and get reprimanded and it's taken down, buuuuut they still have the porn on there. Also, they don't seem to check out fake sites to buy things. They're all over the place on there. I think X10 before trusting them. I've reported some big ripoffs and they're still there. so",neutral
excellent game,positive
Best App,positive
"the recent update changed the top tabs. using the settings to hide or show tabs doesn't work. I can't hide Reels, and can't show Groups even when Groups is pinned.",negative
because the app is the Best,positive
my Facebook account is being compromised by the Vallejo police foreign terrorist tren de agra gang,neutral
it continues automatically signing me out within 1 second after I sign in! 😡,negative
it's finger licking good,positive
"This was a good app when it was used to see what your family and friends are up to. It has been ruined over time by ads, AI and fake news posts",neutral
Naty Boss,positive
useful,positive
my favorite application Facebook 😍😘,positive
"full of garbage nobody wants to see. instead of the people we care to see. it is a giant advertisement you get paid for. so yeah was a fan now it's just full of AI , Conspiracy garbage. you asked. . . now do you care ?",negative
nice to have you and your dad are doing well enough to be a little late today so I will,positive
"AI has taken over this app. Useless videos and bots everywhere. Even when you block accounts, feeds and videos with similar content still floods your timeline. Then when you actually want to watch a video that might interest you, its bombarded with unskippable ads. So much so that its not enjoyable to care about anymore",negative
good social App,positive
this app so very good to chats,positive
can upload my videos,positive
my account disabled pls help me,positive
please want to no the reason why my account,positive
"I'm not getting paid on Facebook, I'm working so hard.",negative
I am satisfied ☺️,positive
very very good👍. 😍Facebook.,positive
it's exceptional it just needs a few more awesome meta features😌,positive
Beautiful app,positive
"Generally speaking, social media is the best and most important tool for social awareness at work, even though it is my business, it provides me with a valuable service.",positive
Taiyab Ali 786,positive
so very much,positive
good nice Ami Facebook I Loves you,positive
Fullscreen vidio bug dari dulu gak dibenerin tolol,negative
Its good is facebook with its ups & downs,positive
thanks Facebook,positive
Very Interesting Very Exciting Very Teachable Very Entertaining Highly Knowledgeable 👌 🙌,positive
thank you supporting Facebook,positive
Great Nice,positive
"Bought and paid for a ""verified"" Facebook account. I can see the blue checkmark next to my name but my friends cannot. Nice scam Facebook! Two months later; same scam. I opened a bogus account added myself as a friend and I can't see the blue check mark either.",negative
important Apps very useful for me thanks,positive
"Since yesterday, I suddenly cannot tag people in my posts. Have waited all day and tried again but still not working. I have Uninstalled and reinstalled the app but tagging still does not work.",negative
Tooooo many ads and horrible user experience because of it.,negative
achcha Koi Facebook Kitna achcha Koi app Nahin hai Mera Facebook mein id hai free fire ka ekadam safe,positive
Good 👍🏻😊,positive
This is very nice app for public communication 🙂👍♥️,positive
best social app!!,positive
Omar Faruk love FB,positive
Time waste,positive
Lalpa chu tihla sual kalsan rawh🙏,positive
"The REELS tab has been CONSTANTLY showing up, going AGAINST my settings. It even OVERRIDES settings. For example, having Friends, Feeds, and Groups set to pin will have the left-most tab overwritten as Reels. You CANNOT HIDE it.",negative
always the best,positive
💋🥰💋 home of true friends,positive
like my videos,positive
Nice 🙂,positive
best and easy to use,positive
"been a long time user. ive been here since 2010 and have wached it be trashed by the team around it over the years. It blocked me from using the dating portion with no reason why didnt email me on the reason why, never prompted me to face check as of march 2026, says my profile is in the good but they put hibben restrictions on it, and full of ads and glitches on the android with no fixes. Definitely took a HUGE step back from when I was first on it in 2010",negative
"this app is total trash, i got suspended without any reason i didn't break any rules that meta had, still i got suspended Multiple time..",negative
Thank God! Jesus saved them both!! 😁,positive
this is a very bad app,neutral
superb,positive
best app ever to be designed!!!!!10/10❤️❤️❤️,positive
"Facebook stressed me out. So, I forgot my password > try to make new one > requires my old password (wich I forgot) ??? how's that even work? Try something else, okay.. Verification thing, requires SMS but the message didn't get through idk why Just.. why don't you META use WhatsApp verification? it's easier",negative
গুড,positive
Benefit app,positive
The video's posted is great i always laugh,positive
mumin bhai,positive
Terrible app.,negative
very Good App,positive
"I don't understand how the for-you/suggestion page is always so unrelated to what I usually watch or want to focus on. You also barely get recommended posts from your friends and groups unless you specifically check them out in different pages, or change the preferences in settings. It feels like it beats the whole point of ""connecting"" you with your closed ones, which has been Facebook's motto for a long time now.",negative
Bah too much banal tripe and click bait.,neutral
I ❤️ love seeing Chino everyday I save all the videos ma puts on Facebook and watch them over and over!!! 💕 💞,positive
they always want to suspend your account for reposting content you find on THEIR platform. Also allow alot of scamming in the form of legit sites.,negative
I have had really good experience with the app.,positive
Best looking forward,positive
it's been disabling my facebook account without any warning and without a proper explanation why they disabled my account!,negative
It is very beautiful,positive
very very happy new years,positive
"Too much bug, can't login, idk maybe the problem is my phone or this apps",negative
ok raet,positive
"I like FB. but In the updated version, previous post are disappeared what i post as only me album , even photo are still existing. And the Story text button is hard to use , you must review UI/UX.",negative
one of the best social media marketing,positive
Great App,positive
fantastic👌🌹,positive
best way to express your self..,positive
plage,positive
"basant,kumar",positive
all time entertainment,positive
i didnt break any rules in fb but they disabled my account many times,negative
Really catchy tunes and a delightful voice make this well worthy of listening to. I love it.,positive
"my account is locked and any browser on any device tells me that I must use my mobile app for account recovery. when I attempt to do account recovery and enter the confirmation code, pressing the next button causes a spinning loading symbol that goes forever. I am permanently locked out of my account because this app is broken and there is absolutely no way to contact any kind of support other than an AI that tells you methods that don't work.",negative
"It keeps asking me to verify that I am a human which wouldn't be an issue if it would actually scan my face. all it does is asking me to position my face and no matter how many times I try it won't work. I've tried move back from the cane and closer and it'll tell me to move closer or further but then it just sits on the "" position your face"" screen. Can someone help me?",negative
Very good social media app in the world. I have no words to explain it. I like it very much. Its most useful in my life. Because its just like news paper having most valued news. Some times just like a University serving most valubles.,positive
safe and fast service,positive
it's the most attractive one I can enjoy 🤪,positive
the app is not updating clearly you have some issues,negative
I love it so,positive
Jaan g,positive
I am Happy for Fecbook,positive
"you do not take ""No"" from anyone!",positive
Эта очень хорошо..,positive
my account has been hacked. and I'm not going to get on Facebook again.,negative
good as always,positive
great platform just to check on seeing how your family and friends are doing been using it for a long time,positive
its very helpful for me specially to reach out my family around the world,positive
"*_Dear Facebook Team, Please end this new update related to SMS limits. My Facebook account keeps getting suspended daily because of it, and the public is also facing issues. Kindly review this update and fix the problem as soon as possible. Thank you._*",negative
fantastic application,positive
"Hello Meta Tearn, Lanwollowing alt Facebook Community Standards and Monetization Policies. I regularly upload original and quality content on my page. Kindly review my page again and please enable the Content Monetization Tool if my page is eligible. I will continue to follow all rules and guidelines in the future. Thank you for your support.",positive
They do awesome work!!!,positive
ଭରି good,positive
when I get content monetization tool setup,positive
"My marketplace restricted, almost 3 years or 4?. How may times I tried to fix , still nothing happen",negative
I wanted it to be five stars but lately the facebook automatically suspend accounts even though they didn't go against there protocol especially my account didn't against there protocol in which my account is important for my business and now many of my clients cannot contact me because of this sudden decision and the facebook is now disabled my account. I need answer to what is happening.,negative
me helpp Facebook video,positive
I'm enjoying using this app,positive
I love talking to my friends and family on Facebook,positive
Takes up a lot of space,neutral
nice working Facebook excellent 👌👌👌👌👌👌,positive
i like it,positive
Tell us .more🙂😎😚😎😃😄😄😍😇,positive
the whole place is full of discord bots accusing humans of being bots,negative
Ok,positive
waste apppp......,negative
my Facebook is doing well !!,positive
good condition 👏 👌 👍,positive
Mera ek profile hai Bhakti Hit usme 5.4k followers hai phir bhi stars nhin in stream ads nhin,negative
Too many adds now a day. 1 videos can displayed adds every minute which can disrupt more the videos your watching,negative
"Hello Facebook Support Team, I am writing because the suspension of my personal account, which occurred on March 25, 2026. I believe this was an automated error, as I have always followed all Community Standards. The Problem: I have already submitted my official appeal and ID verification. However, it has been days I have not gotten any response and this account means a whole lot to me",negative
ગુડ વિડિયો,positive
why does my Facebook update when I have auto update not on and didnt update it?,negative
"I get connect with must of my family and friends and a lot of important information for me I think it's really awesome.....,..",positive
nice to use it,positive
very good and best app for online divice,positive
Jake is so amazing with the animals and with kids/people! I am always shocked how he can capture the PAWfect picture in seconds! This young man is a true professional and a pure joy to work with!!,positive
wonderful platform ⭐,positive
Geo 🥰 facebook,positive
Ooooo! Sexy and beautiful 😍,positive
Screen is rotating automatically when viewing comments despite auto rotate being turned off. Extremely annoying.,negative
love this app❤️,positive
happy to help,positive
super aap,positive
Badi acchi hai,positive
sana maka makakuha NG Piso,positive
Have had my account for well over 10 years and barely post on it and out of no where I get it suspended for well over a month. Noone will get back to me even after submitting an appeal right away. Now my friends and family can't get ahold of me which is pretty frustrating...,negative
mind blowing 🥰👌,positive
"Be careful guys,hackers are easily welcomed,whereas the owner,I think numbers count.38 hackers can you imagine,they are let to change password,and you cannot log in.And unknown users cannot be logged out.",negative
Quality app,positive
I like this app,positive
just happy.thanks god..,negative
if have sent a report on my account since days what's the problem no help since,negative
ii8 uk ik I'm using a good👍👍👍,positive
Fb is a very invasive app. They put you in the friends suggestions even if you don't want to be. Its an app that has absolutely no respect for privacy. They don't let you lock your profile and its very toxic and full of hate and anger along with misinformation. Its also just stressful regularly. Half the time this app doesn't work in general. From people tagging to sharing to even just simple comments. This app is the worst. Nothing does what its supposed to and its nothing but a stressful app.,negative
👍👍👍 good,positive
very excellent...,positive
this is very nice app,positive
We really love to watch variety of subjects on different religious thoughts have provided us MUCH better information N knowledge.we thank you the controller of Facebook n FORWARDING US VERY VERY MUCH BETTER INFORMATION.,positive
so good i love the app❤️❤️❤️,positive
I love everything about Facebook messenger.. It's high quality standardised 💖,positive
werry good,positive
sarbraza,negative
you can tell by his beautiful face he has a great heart ❤️ God bless him. l hope the person gave him something in return 🙏 I hope the corporation he works for acknowledge his work and moral and ethical values 🙏. you did a great job!,positive
best update,positive
"My Facebook account has just  been suspended for no reason, using this account to create comedy content I'm active on this account and don't want to loose my followers, I would need you to unsuspend my account Because it already on professional mode please Check it and get back to me as soon as possible.I'll complete the 5 star whenever you Answer my review.",negative
আপু অনেক সুন্দর হচ্ছে চালিয়ে যান,positive
must have,positive
This whole thing is a Big Joke!,negative
very convenient apps,positive
"Excellent, quality experience",positive
paking kou,positive
"my selling account can't send messages ànd when I tried to appeal, it suspended me just because i wasnt using my real picture. really? haven't u heard about dump account? and when I tried to log in in my other account it automatically suspended it too. are you insane?",negative
"App is fine I guess, but still no way to open links in an external browser. I don't need, nor want, Facebook tracking my browsing history this way.",negative
This app is very nice 😊,positive
too much limitations,neutral
follow me,positive
facbopook,negative
my account suspended without any reason,negative
altab bhai altab bhai aapki video bahut number deti hai aap bahut acchi video banate Ho aise hi banae Rahe amarapur ka photo ♥️♥️❤️❤️❤️❤️♥️♥️❤️♥️❤️♥️❤️❤️🥀🥀🤗🤗🤗🤗🙏🙏🙏🙏🙏🙏,positive
my friends much like me.and my reels a and photos.it God for home face books is a source.of lot of information.and knowledge.,positive
Hii namaste,positive
Can I log in my account in this apps please,positive
"forcing people to review a product you have no intention of changing is, imo, unethical.",negative
awesome 💯,positive
it's good to use... though some bugs appear once in a while but it's all good,positive
disabling account for no reason.,negative
goof,positive
बेकार है,negative
The app is helping us young creators to grow,positive
it's The Best of all,positive
page view problem,neutral
muah 😘😘😘😘😘,positive
Too many ads,negative
ok👍👍👍👍👍,positive
wow new version.🙌,positive
felicitaciones no se deje influir por los envidiosos,positive
very nice app...,positive
My favorite social media platform as always۔,positive
Facebook is not like before again,neutral
got my 7 years old account disabled today fv@k you,negative
Facebook Superman,positive
There is no support 👇 Read • If you facebook got disabled you done • there is no any support • They just want your monwy • No one cares your problem • No one can solve your problem • if your account restricted or disabled there is no any way to solve it. • Zero customer support • Do not pay them your money.,negative
app is buggy,negative
so funny,positive
WELCOME 🤗,positive
Update my face book,positive
rajnikumari,positive
so far it's okay I just got back on I've been off it for a while but yeah it seems okay I haven't got lost or anything messing up so yeah they're all right,positive
This i can't login.,positive
"it was fine onto my phone, but on certain devices like my tablet made it glitch to log out",negative
veel geluk,positive
Wow,positive
My accounts just got suspended and few banned and the funny thing is i don't even post anything just there to connect with family members and now i can't it's really sad I just lost all my contacts,negative
isn't ducking working,negative
thanks Fb.....,positive
please fix your connection with Instagram and messager I always get suspended I don't even do anything but talk to my friend there's nothing wrong with my account yet I get suspended for 180-30 days not fair!,positive
nice Facebook,positive
Quảng cáo liên tục gây ức chế khó chịu,negative
It's very essential social media,positive
BRING BACKK MY ACCOUNT!!!,negative
No better way to keep up with life drama!!! lol,positive
very good👍,positive
"Facebook, very sweet app.",positive
Facebook is my life,positive
i have already installed this app kindly dont advertise me waisting ur add,neutral
Good 😉,positive
Allhamdulilah All is well 🙏🏻 ☺️,positive
nice apple,positive
I face problem with network,positive
hacked into the account and access it for so many years people have been and I just wanted to give up and I will be able to get rid of all of those things removing app for go[PCH invaders]!.,negative
good 👍😊,positive
"Oh absolutely—Facebook is just a shining beacon of intellectual discourse. A real digital renaissance. Nothing but well-researched insights, respectful dialogue, and definitely not a swirling dumpster fire of half-baked opinions and keyboard warriors competing for gold in the Mental Gymnastics Olympics. “Cesspool” almost feels generous—more like a septic tank that overflowed, got left in the sun, and somehow developed Wi-Fi.",negative
you don't have the option to add music,negative
Good❤️❤️,positive
my heart my lives,positive
"i hate this app ... this app show everything else in the world except the people I am following in my feed,m fed up of ads in my reels ,in my normal feed unknown ppl and pages are shown but those whom i follow arent there,total spam... when I press 2x for some time on the reels then it is completely locked I have to close the app to make it normal again so that I can swipe the reels on Facebook... fix these issues",negative
Too slow,negative
माय फेसबुक का बहुत बहुत धन्यवाद करता हूं,positive
I hope it's in Jesus name 🙏,neutral
subar,negative
okie,positive
Awesome 👍😎,positive
thank you 🙏,positive
good job social midia app exelent,positive
i really like this app,positive
good for interactions,positive
I've been using this for years and Ive learned so much about FB I love 💕 it FB it's like the realist .,positive
If Facebook gives money to daily user then user will working more and more .,positive
u sucks,negative
Is a wonderful opportunity to have!!!,positive
good for now,positive
not Good working application very poor quality of you,negative
communicate with the World.,positive
beautiful,positive
imagine just sleeping and waking up late in the morning just to wake up with a restricted facebook account without knowing why and without even doing anything on Facebook and just scrolling for academic updates. I used that Facebook account since 2014 and just lost it because I I didn't follow the community standards and without even doing anything. Nice Job Facebook Meta keep up your poor performance.,negative
খুব ভালো লাগছে,positive
Extremely Satisfied,positive
good internet,positive
Overall experience is good. Could be be better than that.,positive
best app in the world 🌍,negative
"Facebook used to be a valuable space where you could follow meaningful pages that actually helped you grow. The user was in full control, choosing exactly what to see and who to follow. Now, things have changed. The platform keeps pushing endless, low-quality suggested posts, forcing you to click and scroll through content you never asked for. Bring back simplicity. Let users decide what they want to see. Stop forcing suggestions—give control back to the user.",negative
kkaabiir mb .,positive
why tf na restrict ako na walang dahilan 💔💔,negative
"Facebook is a well-developed social media platform that allows users to connect, share content, and stay informed. It offers many features like groups, pages, and marketplace which are very useful.",positive
this is a great app!,positive
Great seeing the picture of your growing and wonderful family! Dad/Gand,positive
Nice to use this app,negative
Very dodgy advertising standards,negative
Saya dah guna app ni lama. Interface dia simple dan senang faham. Banyak fungsi menarik dan jarang ada masalah. Sangat puas hati 👍,positive
it is fun because you can make yourself look different with pets. Even fake ones like life looking unicorns and ones that aren't supposed to be pets like dragons,positive
good 👍,positive
why can't we make our cover pictures private?,positive
great🔥,positive
i hate this,negative
thank you for sending the pictures I am happy with the whole family your aunt Janet,positive
regard,positive
great to see my family,positive
I love it here,positive
"amazing ui, but i wish the app would take it's userbase a little more seriously. facebook is arguably one of the more ""grown up"" social media platforms, but it really hasn't matured. i'd like to see higher-quality content overall. instagram is for fun, let facebook be somewhere to learn and grow.",positive
bahut badhiya hai,positive
I use it,neutral
So good,positive
Help for advertising,positive
world best social network facebook,positive
Facebook is a great,positive
👍👍👍👍👍,positive
"very very nice, very very nice and happy",positive
I love being able to see my friends and family on Facebook,positive
"""I'm only giving it 4 stars because it won't let me log in to my COD Garena account using mobile data. I still have to connect to Wi-Fi to log in. It's really disappointing. What about other users who also use mobile data? They will also have difficulty logging in like I did."" please pay attention 🫶",positive
"""For you"" suggestion in search history is totally useless and worse than ever and we don't have the option to change it or turn it off.",negative
under utilised app,negative
Nksinathli,positive
Always have been too good,positive
बकवास एडवोटाइजमेंट है ये,negative
Buggy and can be dangerous without proper protocol. The information is there but you've gotta dig for it.,positive
maymay,negative
there was a time it gave real time current affairs via memes,neutral
it sucks. the screen keeps uncontrollably rotating sideways,negative
It keeps logged out my account,negative
Entrtg,positive
"It's just awful, keeps getting worse with every update. I'm only keeping it cause there are some good groups here that I like",negative
social Communicate.. nice,positive
The worst search result ive ever seen was on Facebook app. I will give 2 star because new version restricted group admin permission to check members activity upto 20 days only. Thats odd. Permission of group admin become lesser while theres a new AI based features coming out.,negative
There are a lot of bots and paid actors promoting hate and spreading misleading info.,negative
it's a good app,positive
"this app is useless, it suddenly banned my new account witthout any violation",negative
they report my account even though I did nothing wrong,negative
faltu 😁,negative
"The dating portion is glitching, and the help center topics don't help! Please fix the algorithm to allow for consistent and fair practices on fb dating. Sometimes, I get multiple likes from locals per day. After deleting my profile and starting a new one, I may get 2 likes a day from folks in other states. Come on now!!",negative
"​THE ARCHITECTURE IS STANDING. THE 7026 LEGACY IS ONLINE FOREVER. ⚔️👑 ​The Universe D.U.N.L.A.P. has officially unified the family roots with high-tech precision. Today’s double premiere of the Tooniverse Sitcom and the Rapaholics AI Game is documenting Black History in real-time. ​Join Black King, Zoe, Pops, and Ruby Stone Lady in the arena. Hit the 0.07s perfect timing window to claim your Gold Mic rank. No regular energy—just Sovereign Flow. ​LIKE. SHARE. COMMENT. The Empire runs to 7026. 💰",positive
lots of entertainment.,positive
I'm so confused why my account is disabled I didn't know what I did wrong I didn't violate any community standards on Facebook.,negative
Fb is my life,positive
ok...,positive
Belly zukinmber I can't see my Facebook on my mobile screen. kindly fix it,neutral
My Life Is Changed With Facebook Monetization,positive
biggest addiction of my existence lol,positive
total rubbish!,negative
good app to use,positive
Amazing pls restrict my acct,positive
Perfect,positive
"getting better in staying impartial on issues. Unfortunately, it won't last long. Hopefully it will.",positive
please follow our rules kindly,positive
wow!!,positive
my account has been updated with banned please turn on again. i will not make this mistake again,positive
আমি জেন সব করতে পারি মেসেনজারে,positive
I like it,positive
"I really like using Facebook. It’s simple, fast, and keeps me connected with everyone easily. It go through without any hassle.",positive
fun,positive
I hate why you mess with my products and Facebooks and people are really Crazy.,negative
open the 5 App.plea se,positive
missing profile locked,negative
great 👍😃,positive
これは本当に良いアプリです,positive
"full of ads,more ads that posts, even tho you block or say you're not interested, you still get bombarded with the same ads even tho it says you won't be shown it. No wonder it's dying.",negative
"Damn, what happened to you, Facebook? Why did you suspend my old account, and now after I created a new one, you suspended it again after just a week? This application is becoming useless. I didn’t violate any of your rules, yet you still suspended my account. Are you even reviewing these properly? This is not acceptable!",negative
alhamdulillah it is such a great app..,positive
it's very good but Facebook update was amazing I use this app and I fully satisfied ✨,positive
"and when turn into choppy audio reels but i can't understand to watch video properly. the UI suck everything. and paying you 500₱ to remove ads is horrendous. just like YouTube ads. and by the way, the ads even though the scams survey ads also popping up on each feed for my papa!!! this is unbearable for me. like am i going here to use vpn or else i just using ad block to my browser extensions on my desktop and i love this. no ads just i'm using. 🤡🤡🤡",negative
mujhe content monetisation tool nhi mila he,positive
good Louck,positive
It's giving the vibes I want lol,positive
I get a message saying FB isn't responding 😔!! sux. still freezes then kicks me out of Face Book 😭,negative
bugs not working right,negative
"Damn. I wish you didn't upgrade. The new upgrade made it harder for us to save posts. The font is dark and you combined it with a dark transparent as background. I wish I could upload photos here so you'll see what I'm referring to. It also stresses me when I install the app, it keeps on logging out by itself. 🤦",negative
iv watched video with these and seen how much they mean to people and change theres in so many different ways to see the smile on there faces means so much,positive
Can't uninstall it,negative
not work,positive
Facebook really a great app.I continue in there from 5years.,positive
"Just no longer worth it, the first social media is no longer an app to own, too many friends bumped... ""Meta Ban Wave"" & Technical Issues: Many users report unintentional,, automated account suspensions or deletions, with some citing unfair treatment by AI moderation systems.",negative
superb memories,positive
niceuii,positive
that's good,positive
proper not working 😡🤬,negative
"it is not showing on here, i have done many times on here.",positive
ល្អប្រើបណ្ដាញសង្គមនេះ,positive
I can't post videos or pictures when I try to post videos or pictures it keeps telling me before I can post as a page I need to verify it's really me then when I want to verify myself through sms it keeps bugging and rotating and it comes up with ( something went wrong please try again later ) I have been trying again for months please fix this bug so I can verify it's my page this is getting out of hand,negative
super cute,positive
I described it and I give one star because whenever I install app there's need a money but I don't have a money and gcash it's so tired now I install one app because this phone is recet I install Facebook to chat my sister,negative
my favourite,positive
very BAD app,positive
Too many adds and scams,negative
Facebook is a great place to meet other people,positive
good but I can't send starts 😞,positive
I love you 😍 💋,positive
Very nice app,positive
Aslam Singer song 💝💝💝💝,positive
it's good and reward good than those apps,positive
oww,positive
It is an excellent app that I love very much.,positive
thenku,positive
bug while playing video. previous video is showing on the screen along with the current video,negative
awesome cake design and test.😘🥰❤️,positive
nic app,positive
Only one,positive
no dark mode setting on my new Samsung Galaxy tab a11+,negative
Helpfully,positive
information videoes dikhaya karo,positive
you punish those for having a different opinion than you,negative
thanks for your time me,positive
बहुत बढ़िया ऐप है,positive
very good 👍👍👍,positive
"I woke up this morning to find out that my page recommendation has been suspended,I post original content and i did not break any community guidelines.Meta said my page was suspended because of impersonation and i did not impersonate anyone,i have sent a photo of my international passport, please review the details and bring back my page recommendation, don't play with me,i will continue reporting till you bring back my page recommendation 😡😡🤬🤬🤬😡😡. My page name is Top boy.",negative
new update taking more space,negative
",yh👏zj කම්ෂ",positive
every good,positive
🥰🥰😻👌👌,neutral
"This Subscription of Facebook take my money to my account without any noticing it, pls I want my money back.",negative
"""Hi Meta, I'd love to see customizable backgrounds with stickers in Notes. It'd be awesome to personalize my notes and make them more engaging. Thanks for considering this feature!""",positive
positive minds,positive
I love the whole format of Facebook and look forward to always connecting with friends and loved ones ❤️,positive
please check my feacbook profile sir my feacbook id saspend no rijen please one time check feacbook company,positive
mostly beautiful Facebook,positive
👩‍❤️‍💋‍👩👩‍❤️‍💋‍👩👩‍❤️‍💋‍👩,positive
super 😍,positive
its easy to access the internet,negative
This app is poorly written and continuously increases the amount of user data space (not cache) taken up on the phone. I have to uninstall and then reinstall regularly to get the space back. Meta needs to sort this amateur developer issue out.,negative
nice UI/UX,positive
Nice app,positive
My old phone got spoilt and the number am using for my account got lost and my my fb account is locked on 2 authentication factor so i tried so many times to login it's keep on saying code sent to previous phone and my Gmail is attached to it but it's keeps telling me to send an ID that has my national identity which i did but still telling me to wait for a whole year before they can consider my request.,negative
ចូលចិត្ត,positive
nise apo,positive
its oky,negative
Since the most recent update I am unable to share posts from pages or groups 😡,negative
muy 👍 👍 👍,positive
please release beta program,neutral
suspended the accounts of everyone in our household for no reason. Had that account since childhood.,negative
this unfortunately is somewhat necessary to utilize some other apps and has some good qualities of finding people and marketplace items . but it is full of con artist and a swamp of exploitation and thieves.,neutral
a reg,positive
killing of accounts is too much 😔,neutral
best apps 🔥🔥🔥🔥🔥🔥🔥🔥🔥🔥🔥🔥🔥🔥🔥,positive
مننه ګرانه,positive
Facebook is a best app,positive
I want one.,positive
Im going to be in the building.. I need relaxation..,positive
⭐️⭐️⭐️⭐️⭐️,positive
facebook is a time pass app for those who didn't have any work,negative
safe and succor 🥰,positive
baddddddd,negative
video player does not work within the app when switched from potrait to landscape.,negative
this app is awesome,positive
my old app is very good 👍 this saves my memory and storage of my Data. this application uses 20 years.,positive
"Amazing products, amazing lady 💖",positive
Disabled my account...without proper warning and check..saying advertising when I didn't advertise anything.. my GC's are very important for me in school and scholarships..,negative
invalid reason to banned my account,negative
kam nhi kar raha hai,positive
good for making friends,positive
She always return the favour. Good content.,positive
"Please, I would have loved to give 5 stars but I have been having issues with my account since March 21. My account was locked and I submitted my driver's license to appeal. But ever since then I haven't been attended to. Please I need my account to communicate with my friends and family 😭",negative
thankyou so much 💓,positive
its just decent,neutral
ad breaks??,negative
ফেসবুক আমার কাছে অনেক ভালো লাগে অসংখ্য ধন্যবাদ ফেসবুক টিমকে 🥰,positive
I LIKE THIS APP. THE APP IS ADORABLE ❤️🎀,positive
stpud marketing team,negative
this app is a cancer that needs to be cut out of society. nothing but ads and anger inciting algorithms,negative
i cant watch reels! please fix it!,negative
Facebook me update ka option on kijiye sir please,positive
fantastic 😍,positive
Thumbs up for your service,positive
Just simply Awesome and beautiful !!! 💞😍,positive
veeri good,positive
this is my most favourite application.,positive
meta suspend my acc 2 times,negative
بيرفكت,positive
i like it 👍,positive
"many glitches, atm for instance I can't edit my replies or report anyone, I got the green tick on my profile so it's not me, these are the issues with this app an android phone, pixel",negative
videos keep dropping.,negative
app video and reels not playing smoothly..plzz fix this issue.,negative
best app for social connection.,positive
"greats apps ,may we all have a wonderful year & get success",positive
bahut badhiya 💗 Dil chit liya apne🥰,positive
satisfactory,positive
"I have submitted multiple reports regarding a person who has been repeatedly posting hateful content and abusive comments targeting me. Not only that, but they have also been harassing my fiancée in the same manner on her account. Despite reporting this behavior several times, no clear action has been taken so far. The situation has now escalated, as this individual is publicly defaming both me and my fiancée on their personal page, causing us significant emotional and reputational harm. I urg",negative
"super 👌 creators set excellent superhero , tamil hero hindi hero telugu hero world stupister",positive
bisa mura,negative
Superb,positive
everything you,positive
perfect for use,positive
မဆိုးဘူး,neutral
very goog,positive
love u,positive
the best... that's all...,positive
"Facebook is a perfect way to stay in touch with people that are far away or close by. It's also an excellent way to see what's out there in the world, I totally recommend it!",positive
meta disabled without valid reasons. all important client and family photos are there. i purchased meta verified agent always say can't fix. this is not acceptable meta used ai that's why they still permanent disabled my account.,negative
glitch,negative
nice one 👍 face 👌 📖,positive
I need my Facebook account back,positive
ok siya ganda gamitin,positive
but not viral for me,positive
my id disable,negative
way too many adds and prompts and to many AI and UI options and instructions,negative
"Since I start Facebook when I was 38yrs old in 2004, I got many friends but no one meet in real, Jesus name have a plan of my life. My heart many trials to passing and now always happy. Thank you♥️",positive
IWONE MY FACE BOOK,positive
"This company really ruined social media. Never see posts by people I actually know and engagement seems to find traction only if ppl become ""digital creators"" which I have no intention of doing. Tons of special interest pages run by AI that are just recycled content. Most comment sections are bot farms now. A pointless app that really wore out its welcome.",negative
Connect people in real time and updates to be always ahead.,positive
My account has suspended I did not do anything with it its just happened for no reason please help me logging in with my account 😔😔😔,neutral
it's good 👍🏻,positive
excelente mensaje,positive
itz tooo gud,positive
Support facilities not available,negative
K and fine,positive
facebook good platform for timepaas,positive
locking Facebook account suddenly with no reminding us,neutral
good 👍💯,positive
"Dropping a star because I dislike when you have a reel, you pause it, go to comments, it starts to play again. I paused it for a reason. I do not want to hear it or see it constantly moving at the top of the screen. Why unpause my paused videos? Also taking a star away because of the button in fbm that takes you to fb while removing a conversation bubble. Already do not need one for stories, now I have a button that takes me too another app? At least the religous adds are leaving me alone.",neutral
achcha hai per itna bhi achcha nahin hai,negative
good👍👍👍👍👍👍👍👍👍👍,positive
Facebook is very very nice,positive
"fun,had fun playing the game but takes a lot of data",neutral
vry nice works better,positive
Sometimes videos don't show picture or the comments go blank but still great to keep connected and know whats going on.,positive
congratulations,positive
really good,positive
notification are delay market place not accurate,negative
I hate using facebook,negative
"hi, I've been a user for quite a while now, not just recently I got a notification saying that my account was following community standards, I tried to appeal and was permanently disabled, it currently still says doesn't follow the community standards...",negative
superb work,positive
fast communication to family and to friends,positive
acha ha,positive
love you 🤟🤟🤟,positive
Qဆ,neutral
good work,positive
"Useful information, I actually learned from this video.",positive
Meri rel ko jyada Se jyada viral Karen please do star bad mein dunga,neutral
"will fill your screen with the worst stuff imaginable, and when you repeat the stuff it shows you, it will restrict your account. Facebook is for the robots now",negative
"This app helps me to make new communities, new circle and medium of news",positive
Kai bichhadon Ko milane Ka jariya banaa hai,positive
cool 😎,positive
nice app wonderful,positive
كل مرة تحديث وزيادة فالسعة بلا معنى,negative
good filling,positive
"They suspend my account without reason, I'm always follow there community guidelines but they suspend it and there's no appeal too how can i get back my main account even notifications they not notif",negative
👎👎👎👎👎👎👎👎 face book mein se yay chez khatam karo har koi is mein porn video porn pic porn content upload krta hai or har bacha esi video easily dekh leta hai without use any browser any vpn YouTube ki tarah karo isko,negative
fake not like,negative
ai trash I can't quit,negative
stop suspendeding accounts.,negative
aacha hai,positive
good aap,positive
i want to speak with many rich white people why do they don't reaply me bad app,negative
good 😊😊👍,positive
Great.,positive
just network issue,negative
mhogifghy,positive
awesome place to keep track of friends!,positive
Best Social media for news around the world and video chat calls,positive
Issa lit on the earth typ3 chit,positive
it is easy for information.,positive
One of the best platform ever.,positive
more security to make my account not compromised,neutral
we need match link on Facebook please add it ASAP,positive
dumb Facebook logs me out as soon I switch to any of my page,negative
"papaw loves moments like this, PRICELESS MEMORIES, ❤️",positive
"I've had Facebook and Instagram for many years. Up until this point i""ve had a decent experience on both apps. That is until a few days ago when my accounts were all suspended without warning. They have not given me a reason as to why my account was suspended without warning. The least they could have done would have been to give me a chance to correct my mistake. no account i used to connect with facebook works anymore. NONE OF THEM! This is dishonest and unacceptable. Give us warnings first!!!",negative
Am grateful for it 😍,positive
"The fact you have options for features and then they don't work is wild to me. You can customize your top bar but actually you can't. You can hide reels but actually you can't and it gives a weird error message. Reels through messenger don't go back to messenger.I just wish I knew what you were doing with all the ad money you made, but then again it's probably something awful and I just have to reflect on how this trash app has wiggled its way so deeply into my life and what that says about me.",negative
how I contact my family and friends 🧡,positive
nice aps fine,positive
"I haven't used the app for a long time, but I recently logged in and was banned without appeal. I didn't do anything wrong.",negative
update my Facebook,positive
This app is very useful and easy to use. It provides a smooth experience and works perfectly without any issues. Highly recommended for everyone.,positive
"Dear Facebook Team, Assalam-o-Alaikum, My name is Ahsan Ali. I accidentally removed the monetization dashboard button from my account. This was a mistake on my part, and now I am unable to check my monetization status and earnings. I kindly request you to restore my monetization dashboard button so that I can properly manage and track my account’s monetization. My account is in good standing and I follow all Facebook policies. Please resolve my issue as soon as possible. Thank you for you",positive
the only reason I still have this account is for the contacts I don't want to lose.,negative
Itook a break from the app but i missed all the connection with friends. The only downside is all the ads and the long process of setting up all the security features how I want them.,positive
it's just full of cants,negative
"Very frustrating experience. When I leave the app to look something up and return, the post I was viewing disappears and the entire feed refreshes. Not recommended. annoying.",negative
stop killing my Facebook I'm not a scammer,negative
Many annoying ads fill Facebook pages.,negative
My Hatt has been locked,positive
good app,positive
Why doesn't the Facebook offer content monetization setup to new creators? Please extend this opportunity to small and emerging creators so that they gain the encouragement and chance to make something of themselves. Thank you.,negative
Dear facebook team Please help 🙏 My facebook account has been disabled without any reason...and I am not break any rules of facebook 🙏so please I request you please check my account again and back me as soon as possible,positive
i am very satisfied 😁☺️,positive
this platform is nice,positive
really excellent service quick in need,positive
"only useful for marketplace and getting in contact with relatives, otherwise it's just ai slop and pushing stuff in your face you don't want to see AT ALL!!!",negative
best app download,positive
OH my God,positive
"I'm not even doing anything that are against the Facebook rules or whatever, and still my account got disabled! How suck is your system really is meta huh?!?",negative
thanks to the META team. THE MOST AWFUL FACEBOOK....ETC THAT DOES NOTHING FOR USERS AND MANY OF YOU DON'T KNOW. IS YOUR ACCOUNT BROKEN?? META DOES NOT NEED TO HELP . IT IS A PLATFORM THAT COLLECTS DATA,negative
Good job,positive
all good thank you all,positive
I love AUSTRALIA9,positive
can't take a joke,negative
Facebook is the best I love it,positive
"Prayers work, thanks for posting that April 7th prayer.",positive
🫶🫶🫶,positive
Satisfied,positive
nice👏👏,positive
not nice aap,positive
"""BEST CAMPING EXPERIENCE EVER..!!!"" ⛺🔥🎄🌳🎄 🐕💕🥰❤️",positive
Excellent 👌,positive
"I love this app because it’s the easiest way to stay connected with my family and local community. Between the helpful groups and seeing old photos in my ""Memories,"" it’s become my favorite daily habit. It’s simple, fun, and keeps everything I need in one spot!",positive
Top👌,positive
দারুণ,positive
good 👌🏻,positive
very good 👍,positive
it a very good app,positive
"I have a great experience using Facebook, everything is at my fingertips and this app makes it an enjoyable experience.",positive
খুবই ভালো,positive
Soo nice,positive
help,positive
logg kaayo oi,negative
Sincerely and Successful,positive
love fb,positive
Best Meta Apk Than Facebook Lite.💔🚮,positive
dmdk and the xkxzkt the same dmdk se the,positive
hello Facebook team. my Facebook account want a verification selfie and there are comes some error please fix it soon Thank you Facebook team,negative
esilent,positive
I keep getting a lot of adds doing something and the same adds keep popping up when it's installed,negative
Very Nice app,positive
Its easy to intertain you,positive
nicce,positive
it's more visionary...!,positive
Can't get the Stupid video feed off of the tab bar. It says reels hidden in the tab bar settings but it still shows the reel tab,negative
🤩,positive
it's been an amazing journey with y'all easy and fun,positive
lado muji,negative
I like the app it's fast enough,negative
Awesome 😎 good app,positive
good application for chat with family and friends,positive
good add some restrictions on self harm and nasty images,positive
very nice,positive
Hi nice,positive
exiclent,positive
VERY NICE,positive
it's good,positive
"Company supports animal neglect and abuse. Reporting a known abuser it gets denied. However, spread awareness and the post is removed and labeled as selling an animal?! Facebook is trash these days and ran by AI. Can't even get real support!!",negative
Quảng cáo web cờ bạc quá nhiều.,negative
thumbs up,positive
TIME FOR FACEBOOK TO GO AWAY ABSOLUTELY DISGUSTING REQUIRING PEOPLE TO TAKE MUG SHOTS TO USE THIS GARBAGE SITE,negative
"Love My Pastors,",positive
good network,positive
super Facebook,positive
why with the recent update. when I go to the comment section with my phone sideway (portrait rotation locked) it's still rotation sideways. it's just annoying,neutral
very nice 💯💯,positive
slow network problem 😞,positive
very useful app,positive
ডানলোট,negative
"After recent update, my Facebook is hard to use.",neutral
The Best App,positive
real hero,positive
"I can't change my name even though my last change is nov. 6, 2022 💀. I need to change my name for school purposes. please help",negative
Best app for me,positive
it's supperB,positive
شکریہ,positive
i cannot access my account due to your error!!,negative
one of the best platform,positive
sabka Sath sabka Vikas aur hamen aapke sath,positive
facebook password not changed,negative
well gd,positive
The new update is so annoying when you press comments the phone automatically rotates even your auto rotate is lock,negative
lovin it,positive
it wouldn't let me delete it or on my account,negative
download,positive
its to use this app,positive
Facebook is still the bee's knees.,positive
"More glitches after the update! can't upload my pictures, comments are doubling. this is terrible.",negative
good video nice dream,positive
Okay,positive
paki fix po ng notes diko makita,negative
please app install please 🙏,positive
Facebook has turned into National Enquire,negative
3000 updates later & still the same issues. ETA: Now restrictions aren't being lifted at the time it states. Can't logout without multiple issues with logging back in.,negative
Prasanta Malakar,positive
"thank you, because my account is back",neutral
bekar,negative
"Facebook is one of the biggest social media platforms where you can connect with friends, share updates, watch videos, and join communities. Great for staying connected and entertained, but best used with balance.",positive
it's a good social networking 🥅 site where we can connect with our known people and popular people around us and can share whatever is in our hearts with millions of people around the globe 🌎🌍... it's very nice until it doesn't 🫟 message with people's privacy 🔏 and doesn't capture any data content photo video contact etc without any given permission.,positive
the best App,positive
satisfied,positive
Is the best platform in all social media,positive
"Facebook suspended my account without any reason. It was an old account, everything was original, and I just did it today. Is it right for Facebook to suspend someone's account without any reason and not give any option for the account to be recovered again?",negative
This app is Good,positive
it is a very good idea,positive
Facebook suspended my account without any valid reason.,neutral
i give one star because facebook disable my personal account without any reason I don't break rules of Facebook,negative
good earing app,positive
❤,neutral
ang galing maganda kay,positive
your service is good enough,positive
Stop rotating my screen when I turn my phone sideways!!!,negative
Enfinik not 9 sD,positive
my facbook account has been disabled please help 🙏 me,positive
whoa!,positive
they suspend my account without any notice. and also i did not break any community guidelines,negative
nice❤️❤️,positive
"app freezes or crashes after being on it for 2-3 minutes. closing and restarting app doesnt help. restarting my phone doesnt help, uninstall ing and reinstalling doesnt help. clearing the cache doesnt help. switching on or off Wi-Fi doesnt help. I've had this app for 2 weeks and been able to use it for maybe 20 minutes total. a multi-billion dollar company and cant evem debugg your app. wish I could give a lower rating than 1 star. if anyone sees this who has any tips let me know",negative
decent,positive
"Enjoy seeing, learning things and the entertainment of kitty videos on Facebook. I don't want to go to Instagram. x,",positive
thank you all friendsss,positive
I got banned for something I dont know anything about an for 180 days like 1 thats waaaaay too long an I think I deserve to kno what I did,negative
I 💕 GhostRider!,positive
Facebook is not working professionally It's look like rough application not working smoth features aren't not smoth missing features not capable for E commerce business nobody knows when it will be disable.. very poor application,negative
love my Facebook okay,neutral
its the best,positive
good 👍👍,positive
just wow🤑,positive
Good 👍 Godfather to many apps,positive
super bhai 🎉🎉🎉🎉🎉🎉🎉🎉🎉🎉🎉🎉🎉🎉🎉🎉🎉🎉🎉🎉,positive
A Good App for Development,positive
"They make up a reasons to get your accounts banned. They emailed me with a BS reason because I never posted anything about it, and they refuse to even show me what post went against their guidelines.",negative
great for catching up with family and friends,positive
most wastage and worry,negative
why my acc is suspended???,negative
Top Developer,positive
"It's a very nice app, it works a little poorly, the quality should be improved and the speed increased.",positive
to meany. 2 meany shady & Snopy cut throut people. in the app. just like this world is. it's real life for some of us not to use Facebook. or any social media Apps,negative
"cant really say anything without being banned, but it's the only other social media app that's decent for its marketplace lol",negative
اکونت زود از بین میرود,negative
i like this app,negative
"My account was disabled days ago for no reason, and no support is being given. This is very inconvenient.",negative
beautiful apps,positive
I'm the good facebook update on my king,negative
Facebook sucks,negative
I always disabled notification it always appear after 24 hrs remove from play store still 7 apr2026,negative
Attempted to install to use features blocked on mobile URL. The confirmation code claimed it was invalid even though it was just sent and the screen wasn't refreshed. Waste of time.,negative
"It's a great app, and it's also great for privacy. It has more settings and features than any other social media app.You can share all your daily life experiences with friends.",positive
that's real talk guys and lady's family and friends,positive
sri Mari I'd or kue chalarhaha please mara I'd kise ve tareka sa recovery kar do,positive
Overall good but does have scammers,positive
It's a learn as you go sort of thing.,positive
A brilliant way to stay in touch with family and friends,positive
love the game,positive
I have no Violation do. but my account was suspended!!,negative
My facebook account There are no new posts or videos coming to the newsfeed. Please solve this problem. Thank you.,positive
Goods. +++++,positive
Smart app,positive
Bag.Addict makes amazing purses! we own several and just love them! They are fun and durable - perfect for running around town or taking on vacation!,positive
amazing app 👍,positive
"Best EVER for general car repairs. Will come to you! Beyond fair pricing, next level responsive, NO games, and honest feedback. Side note: Truly kind and thoughtful. Highly recommend! ❤️",positive
Missing Reels video and too many ads,negative
Great story.,positive
awesome 👍😁😊,positive
honestly im so disappointed because my account got disable for 180days but it didn't give me any explanation.i tried to appeal but it's useless i need my account asap it has all my contact my account name is Khaiz Acuba i hope you would fix it immediately,negative
"please enable admin facebook group to turn and off nickname for group member,too many internet cyber bullying use nickname in post and comment in group facebook。no different with anouymous profile",negative
want more like,positive
"Every time I try to save a video the screen in the list is dark great with black text. I can barely read it! It's fine for articles (black text/ white background), but videos are black text/dark grey background.",negative
good ap,positive
bahot badiya,positive
"súper profeciona, elegante me encanta su trabajo",positive
always favourite,positive
You blocked my monetization account with an silly issue now I can't change profile either to do anything,negative
"boring to use now because of too many ads,",negative
interesting 🥰,positive
shubhamsonkar ❤️💙❤️💙❤️,positive
it is 5 stars rating and again thank you.,positive
👍👍,positive
lame,neutral
Thanks for Facebook,positive
❤️🥰,positive
terrible. cant even be on for a week without getting hacked. some security meta has,negative
Always suspending my new acc,negative
wow app😯😯,positive
where is your market place Facebook in your's new update,negative
ভাল Gahhhh,positive
excellent app 👍,positive
hello Facebook team please help me... my payout account owner name change please my name is only NAME IS ✅SHIVA NISHAD ✅,positive
something is wrong the video is moving so slow. slower than the sloth,negative
An amazing app.s,positive
Nice 👌,positive
a suitable app,positive
good communication,positive
nice app Facebook I like it 🥰,positive
"""Hi Facebook I lost my main account that I used for 13 years. I followed all the Community Standards, but I don't know why it was disabled. There are many important things connected to that account, including games like CODM and ML. I've done everything I can, but still no reply. I hope you can help me recover my account. Thank you 😊"" This is my name on Facebook that is permanently disabled and I hope it can be retrieved Renerio B. Lobo jr",negative
"very good 👍😊😊😊,💘🧡🫂🫂🫂😎😎😎😎😎😎😎😎🫥💞💞💞💕💕💕🖤🖤🖤🤎🤎🎉🎉💯💯🫂🫂❤️‍🔥❤️‍🔥🫶🫶🫶🫶",positive
কী বালের অ্যাপ নাম দিয়েছে Facebook hamba buke ase na,negative
good yar,positive
easy smooth inspirational People,positive
वैरी nices,neutral
nor bad,negative
I haven't used facebook for about 1 week and i didn't do anything wrong. but they disabled my account. I report it and make an appeal but they decide to delete my account permanently. There are many online shops i bought and have money to refund from them but now. how can i get my refund? Don't use this app. This app is really annoying and maybe even the developer team doesn't do their work well. I hate this app. Hoping karma will repay them .,negative
"app gets more buggy. the more used I've uninstalled, reinstalled, clear, the cache. I've done everything required and the app is fully buggy and never loads a full page. it'll just quickly shut down for no reason whatsoever. and since you can't ever actually get a hold of any kind of tech support, here we are.",negative
its a great app 🔥,positive
worst,negative
Mera account disabled kr diya gaya bina koi galti ki aur restart bhi nahi krte I'd name Vishal Paglu,negative
Terrible home page. Way too many posts from random accounts so I barely see posts from my friends. If I wanted to go on the explore page I would go there.,negative
Elon runs this,negative
support👍,positive
"I cannot see/play any stories of my Facebook friends, why is that? please fix this as soon as possible.",negative
disabled facebook account recover,positive
"MD,.MANIK",positive
vary good,positive
now I can make new friends,positive
good media,positive
"Tim, this had more ""Tim"" in it than anything else I have ever heard from you. I got a little dust in my eye. Congrats.",positive
thank you so much,positive
Use this apps mainly to catch up with old friends and family. Love it!,positive
"Easy to communicate with my family, siblings and friends.",positive
The Blocklist gets erased and doesn't show you how many people you blocked plus they don't stay blocked.,neutral
تنکس,positive
good at working when I used it.,positive
i have no signal even though i have a wifi,neutral
What happened to this app. ????? It was sucks. your privace policy is annoying .,negative
"bro the ads keep on appearing,and it just want you to watch videos",negative
Part of a life,positive
I like the new version,positive
"Facebook is the best social media, that is why we want to thank you very much.",positive
so happy using Facebook,positive
"Facebook is a great platform for staying connected with friends and family. It lets you share photos, updates, and memories easily. The app also has features like groups, marketplace, and events, which are useful for both personal and community use. However, the app can feel a bit cluttered at times with too many features and ads. Overall, it's still a solid app for social networking and staying in touch.",positive
Bad doesn't allow me to post anonymously on groups,negative
Bro--------.,positive
cool,positive
love it...,positive
please stop this slide up to lock 2x speed.,negative
💛,positive
👩‍❤️‍💋‍👨👩‍❤️‍💋‍👨👩‍❤️‍💋‍👨🤭🤭,positive
om every one piece tamil song download tamil movie download by ok madam thank you my dear friend tag your profile with me now and blessings 😀 you,positive
অনলাইন লাইসেন্স একাউন্টিং করলে খুব সহজে টাকা ইনকাম করা যায় দিন মেশিন সেন্টার ভালো হলে প্রতি মাসে 1 লাখ থেকে 2 লাখ টাকা ইনকাম করা যায়,positive
so many ads can't do much on Facebook,negative
"Facebook remains a powerful platform for connecting with people, joining communities, and promoting businesses. It’s especially useful for networking, finding information, and engaging with active groups.",positive
sahi ho,positive
very i i inrested,positive
😁,positive
mind blowing,positive
love Facebook.. but.. the sponsored ads drive me crazy,positive
thaks so mush,positive
ok apps,positive
"After a while it gets old...so I jus go on there to look at funny pictures, and laugh at idiotic things people post on their timelines.",negative
more intelligent,positive
I can't chat,negative
good morning guys,positive
Amazing,positive
it doesn't want to open i don't know why,negative
Main to Bas free fire ke liye,negative
nice,positive
Facebook won't let me open my ID 👉 l agree I'm in trouble,negative
"My account was disabled without any explanation, which is already frustrating. On top of that, I was told the verification code would only take a minute, yet I've been waiting for over an hour with nothing received. This lack of transparency and delay is unacceptable",negative
very entertaining and educational,positive
so well 😊 and love it ❤️ thank you Facebook and messenger,positive
"Been using this app for a while, very convenient and easy to use. Recommended.",positive
it's better,negative
सावधान से भाई जी,positive
yeh good,negative
"The suspension of a Facebook account can be frustrating, especially when the user believes they did nothing wrong. This often happens because Facebook uses automated systems to detect suspicious activity, which can sometimes make mistakes. Actions like logging in from a new device or using the app too quickly may trigger a suspension.",negative
this is the second account have been hacked why is it people are being able to hacked your account it's very upsetting. I lost all the pictures for my kids when they where babies,negative
authentic,negative
thanks u,positive
"I look for something on marketplace and immediately get a series of ads offering me the same thing from sketchy companies, I'd be nice if fb didn't sell all my info instantly. I realise this platform is literally built on user data it just constantly feels overly intrusive into my personal life.",negative
lovely,positive
good ❤️😍🥰🙏,positive
I enjoy my time on Facebook. It has different groups to join.,positive
it's very good 😊,positive
algorithm is insanely accurate,neutral
why there is no reels,negative
"It offers the best service, I'm able to communicate with friends with or without data connection. They reject spam users... Its very safe to used!",positive
it has very very bad facility,negative
Stop asking me to rate this app!!,negative
bahut achha laga facebook pe kam kr ke,positive
Number One-The Best of The Best.,positive
there's no customer support. you can't even get helped if your acc have a problem,negative
i can't create a page,negative
a trailer and woman famous painter crew orient.,positive
video disappear forever. you watch something interesting and if it refresh or you swip wrong it's gone and you can't find it ever again. YouTube made a place that list previously watch videos. Facebook please add some kind of features because I am done losing interesting content due to bad app layout.,negative
"It's a shame my account was disabled, I didn't do anything wrong so you deserve a 1 star rating, your system is rotten",negative
แอพอะไรไม่รู้ โคตรกาก เฟสสร้างมาหลายปี มาขึ้นยื่นอุทธรณ์ ตอนแรกให้ยื่นแล้ว พอผ่านมานาน ๆ ก็ให้ยื่นอีก อะไรงง มันจะมีไหม ? ระบบห่วยแตก ละถ้าไม่ผ่าน เฟสก็เล่นไม่ได้ แก้เถอะ ทั้งเฟสใหม่ และ เฟสใช้มานานโดนหมด แต่ก่อนไม่เคยเจอ ตอนนี้เจอเต็มไปหมด ตอนแรกไม่นึกว่าจะโดนกับตัว ไป ๆ มา ๆ โดนเอง โคตรแย่ ปรับซะนะแบบนี้ มันโคตรน่ารำคาญ แล้วเฟสมันสำคัญด้วยไง ไม่ใช่ไม่สำคัญ ไม่ตลก ถ้ายังไม่ปรับก็ไม่น่าใช้ และไม่กลับมาใช้ด้วย ยิ่งอัพเดตยิ่งแย่ เหนื่อย ถ้าเฟสใช้ไม่ได้จริง ๆ จำทไง คิดบ้างนะ ปรับซะ โคตรน่ารำคาญญญญญ,negative
way bett3r than Lite,neutral
best application so ever,positive
Update my Facebook app,negative
FB account better others account .,positive
this app I will chat with others and my friends and family ☺️,positive
luv!,positive
I can't even changing my password after updating if I am trying to change,negative
nic to use,positive
I can interact and connect with my irl friends and family ^q^,positive
"My account have been suspended since 19th of January 2026. I have sent an appeal and yet it is still suspended. I have followed up with every detail needed and I'm still locked out. i have written several mails to support and appeal yet no reply neither is my account activated. Please you guys unsuspend my account as this has made me lose contact with friends, family and customers. I feel so frustrated. Regards Adeleye Tunde Richard.",negative
Nice super,positive
right ✅,positive
Video and pictures are very good,positive
Excellent!,positive
"I'm trying to change my password because the first one password didn't work even though it was correct, and then it didn't work anymore!?",negative
facebook is very usefull,positive
Gut,positive
ওকে,positive
super smooth download,positive
"There's option for creating multiple profiles, but there's isn't any option for locking them. It's frustrating. And even there isn't any option for making the additional account a main account or switch it to main account. If I get the one option of locking my additional profile then I'll give those four more stars.",negative
আলহামদুলিল্লাহ সুম্মা আলহামদুলিল্লাহ ফেসবুক আমাদের কে যোগাযোগ এবং মিডিয়ার সবকিছু দেখতে পারি ফেসবুকের মাধ্যমে,positive
yes cool,positive
awesome 😎,positive
"I hate this app u guys suspend & disable my main acc & some of my dumps acc, this is terrible I have important files to my main that I cannot access, & to my dumps accs is also important some of my pictures with my friend that isn't in my phone or save to my phone is there, how could u do this i also need may main acc because of school purposes, I didn't do anything and all of my accs are just silently use but this?! suspend & disable? then I make another account disable or suspend again!!!",negative
it's very nice and beautiful 🤩,neutral
khubsurat,positive
"I do not like AI, you are taking my personal information without my permission or you tricked it out of me!! I do not want AI!!",negative
Awesome 😎,positive
good joob,neutral
awesome Granddog,positive
very very nice happy this app,positive
it's very 👍,positive
sooo super app,positive
my messenger app is not available or function well,positive
FACEBOOK WE NEED YOUR HELP PLEASE DESTROY THE CYBERBULLYNG... IT'S KEEPS GETTING WORST PLEASE MAKE THEM STOP.. 😭😭 PLEASE HELP US!..,neutral
is good,positive
Gorgeous and,positive
main free fire ki ID login Nahin ho raha hai to achcha Nahin lagta hai mujhe,positive
Mantab bweh...,positive
v Good,positive
i cant see my preferred pages or issues.i need to search them individually,negative
best app for buy and sold things,positive
good👍👍,positive
Oh so true!!!,positive
friend 💛,positive
फेसबुक पर काम करने में बहुत मज़ा आ रहा है।,positive
I like this app on my phone but on my tablet it sucks it won't allow my connection to stay.,positive
👍 great,positive
Facebook keeps making my phone freeze and/or crash,negative
my fvrt app.. ❤️‍🩹,positive
"in the middle of watching a video it will just switch to something else by itself, and it's impossible to find again. Super frustrating. Remind me to never use this app again",negative
its amazing,positive
সোজা নিয়ে যায়,positive
Very bad experience with the ads. Evey ads that i blocked will appear again. please review the algorithm policy.,negative
"Who tf introduced ads breaks? Now insted of me skipping every fk sht add on this app , i have to wait there 3 second for the add break, literally forcing me to see an add that i am not interested in.... This was bad beforet , but now is even worse!",negative
Satisfying,positive
bro hold speed is stuck,negative
i love facebook,positive
"Dear Facebook Team, I am a dedicated content creator on Facebook, and I have been consistently uploading original videos to my profile. Currently, I have over 5,900 followers and I have already uploaded more than 446 original videos. I would like to bring to your attention that recently my account had some restrictions due to a technical error. However, after a manual review, your team confirmed that it was a mistake and cleared my account status. profile name 👉Amit SarKar",positive
fans this app is very generosity fantastics that would change your life which you might be wonderful for it .,positive
Facebook has been very helpful and it's a very good means of communication and connection it's been of great help to me n no dull experience we learn we get informations and I wish to earn also from Facebook pls monetize me 🙏 Thank u,positive
this app is so fantastic 😍,positive
think you,positive
app sucks anymore period,negative
yes yesssssss,positive
best ever in all fields,positive
blaaaaaaaa,negative
can't have a new life without awesome facebook.,positive
supeR duper app for wasting time,positive
Battery drain in the background with restricted battery usage on. What is going on here? Killing phone battery.,negative
One of the good app... I've been using lately,positive
Too many inappropriate ads,neutral
ही मी,negative
supper always love facebook term❤️,positive
Very helpful,positive
amazing 😍,positive
"I don't like to change my app because I have been using this app for more than 10 years. My relatives, friends, office colleagues and welwishers are using this app. If you change the app I will be disconnected from all of them. So, please do not try to disconnect me from them. I don't feel any discomfort/any problem as yet.",positive
Adorable!,positive
"Dear Meta Support Team, I hope you are well. I am writing to request your assistance regarding an issue on my Facebook account caused by one of my posts. Unfortunately, I am currently unable to remove that post because the delete option is not available on my side. Since this issue appeared, my account reach has dropped significantly, and my content is no longer reaching my audience as before. This has directly affected my account activity and engagement. I kindly request you to review my ac",positive
❤️❤️❤️nice app I love it,positive
Very good social app,positive
"censorship, four layers just to log in, hate filled feeds, algorithms that keep friends away from your pages",negative
wow super money facebook apps monetization tools all thanks facebook team.,positive
"""DEAR facebook TEAM, MY ACCOUNT (@kunal Chandekar) HAS BEEN DEACTIVATED. I BELIEVE THIS IS A MISTAKE AS I HAVE ALWAYS FOLLOWED ALL COMMUNITY GUIDELINES AND TERMS OF SERVICE. I REQUEST YOU TO PLEASE REVIEW MY ACCOUNT AND REACTIVATE IT AS SOON AS POSSIBLE. THANK YOU FOR YOUR TIME AND ASSISTANCE.""",negative
Like this applacation,positive
🥰very nice and Accessable so try it u will explored more on Facebook create new friends and Hobbes injoy,positive
"so many bugs, someone's my day suddenly appear on a random reel you watch",negative
nice and veery good,positive
"The feed is now dominated by ads, sponsored posts, and algorithm-driven content that often feels unrelated to what users actually want to see. Instead of meaningful updates from friends or pages you follow, you’re met with constant promotional material and repetitive suggestions. In addition, increased moderation and censorship have affected how freely people share and discuss certain topics, which can make the platform feel less open and authentic.",negative
my beta version problem 😭 solve,positive
social media in Best app,positive
Supper,positive
i need my Facebook back,positive
it make me happy everytime,positive
autorotate in comments?,negative
"way to many ads, ads between videos little window pop ups within videos between ads.",negative
mera Facebook kuchh galat hua hai usko theek kar dijiye please,negative
Facebook is the best app in the world,positive
remove to tag all followers option,positive
is fine,neutral
useless,positive
nice apps beautiful platform,positive
fair,positive
this app don't have privacy,negative
Bahut Badiya 🤩🤩🤩,positive
thanks big big Fb,positive
very nice app ☺️🙂,positive
bahut achha,positive
This game emotion 🙂💘,positive
josss,positive
amazing,positive
Facebook is the most beautiful app I love,positive
Best ⭐,positive
"I'm using Facebook from 13 years, this is awesome plate form",positive
I'm very happy 😉😉😉,positive
please remove the reels from my tab bar. it will not allow me to.,negative
good support,positive
Super,positive
it is good to use,negative
"I can't download Facebook on my Huawei nova Y73, instead it shows phones I've never used to be downloaded on",negative
cannot watch Live,negative
"Dear Facebook Team,I hope this message finds you well.I am request a reconsideration of the current invitation-only access model for Facebook's content monetization tools. As a content creator, I understand that this model aims to ensure that only selected individuals or businesses benefit from monetization features, but I believe it could be beneficial to shift toward a criteria-based system instead.A criteria-based approach would allow more creators, like myself, to demonstrate their eligibil",neutral
#Excellent #awesome #very attractive #impressive #mindblowing #unique #educational #charming #genious,positive
cant full screen facebook in landscape mode via tablet,positive
this is so heartwarming,positive
Easy to connect with people you know and make a new friends without doubt. Reunion and throwback memories. Best apps to know someone you don't know at the first place,positive
Beautiful picture!,positive
ads became way too aggressive now,negative
bahat mb le jata,negative
Highly recommended.,positive
awsome app,positive
Facebook is my baby forever!!!,positive
i am so much interested,positive
খুব সুন্দর,positive
it come very time in add,negative
very beautiful 😍 app,positive
The app is just sponsored content and random content suggestions. This is barely social media any longer.,negative
"what I love about facebook is that it's keeps you updated with the word news and the friends and the marketing part is the mostly I like about it , but regarding the shorts actually I can't find anything interesting about it specially those who keep focusing on people bads to attacks attention this is the worth about it if face book has the option for hiding shorts or at least to specify what i would like to see it will be fine and more attractive.",neutral
obrigado deus,negative
my account is been disabled permanent with no reason Task!,negative
My account was disabled many times,negative
"no use, cannot accept my login details - incorrect password poo up constantly",negative
a cesspool of misinformation and fake accounts.,negative
নাইচ,positive
I really enjoy spending time here.,positive
Horrible app with terrible UI and customer support.,negative
nice face time west,positive
EmilioHassan,positive
Best social app in words,positive
very simple to use,positive
good application,positive
I had submitted appeal on 16 March and still there's no response and now it's 10th April and am still waiting for response,negative
"on, cc l.",positive
"Its nice, but it should allow monetization in all countries across the world",positive
very responsive seller,positive
for my future emme naman para lng maiba in neef ds apps,positive
Great sociamedia but fund of suspending my account numerous times and I don't like it,neutral
the reels page won't load for any page or group. Just started a few hours ago. ive tried everything.,neutral
nice app,positive
"all over it's nice, however whenever I tried to put music on my post it will become a video(reels)",neutral
Its not what it used to be but a good way to connect with people,neutral
يصعب التعامل مع التطبيق في ظل معايير غيرمفهومةأوغيرعادلةأومحايدة,negative
sucess,positive
entertainment,positive
normal 👀,neutral
I am Satisfied,positive
nice 💯 and very good 👍,positive
Terrible experience. Marketplace Gone without a single warning. Now I have a disabled account and lost all my listings. They say “community standards” but won’t tell me what I did. Unacceptable. Suspended account for no reason. Then disabled account. Marketplace Gone just like that. I’ve sold hundreds of items with good reviews. Zero help from Facebook. Woke up to Marketplace Gone. Checked my account suspended. Then completely disabled. No chat support. No clear answer. Don't rely on this,negative
vary very fine,positive
support me 🙏,positive
everything was smooth until the update showed up.....it is not updating only yr...for which I can't use my fb acc,negative
𝙵𝚊𝚋𝚞𝚕𝚘𝚞𝚜.𝙸 𝚕𝚘𝚟𝚎𝚍 𝚒𝚝.,positive
good working,positive
"My Facebook account has suspended with Violation of child S3xual exploitation, for no reason and I did not do something wrong whyyyyyyy meta Facebook???? if you did not fix this Facebook will be dead in the future..",negative
so boring app ye app bahut Ganda hai 😤🤫,negative
Facebook is going good info service,positive
good 😊 sir,positive
very good and happy,positive
One of the best app on earth,positive
"Facebook has the ability to be a fantastic online resource for keeping people in touch, promoting your business and helping with social isolation- but META really does need to sort out their help/complaints procedure I got absolutely nowhere with them and my business page that's been cloned still continues to go operating without Any penalties!",positive
the best 👌,positive
FB change my all boring times.,positive
umm good app but sometimes when lpg in another device it's react I guess,neutral
it's to much good,positive
disabling accounts with no reason,negative
greet,positive
Full of ads,negative
"Facebook app bahut hi useful aur engaging platform hai 👍 Main isko daily use karta hoon friends aur family se connected rehne ke liye. Interface simple aur smooth hai, aur naye features bhi kaafi interesting hote ja rahe hain. Sabse achhi baat ye hai ki yahan par creators ko apna talent dikhane ka achha mauka milta hai aur logon tak apni baat easily pahunchti hai. Overall, ek reliable aur entertaining app hai — definitely 5⭐ deserve karta hai!",positive
"won't work, keeps logging out and logging back in. saying ""you've been logged out, you've been logged in because you're logged in on messenger, then it logs me out again"" back and forth.",negative
love this app si much ❤️,positive
way too many bugs . There is always an issue with the app,neutral
"time wasting , bad content , I also don't like this shade of blue ..",negative
it kinda like kicked me off the app when I was using it but it's a good app,positive
locked out of Facebook,negative
good job I'm seeing all my family in here you guys are doing really good job you guys changing it around a lot,positive
ok,positive
you are so best,positive
love this!!!!!!!!,positive
वेरी नाइस हम फेसबुक से चाहेंगे की जो हमारी भी समस्याएं हैं उसको कृपया सभी सोशल मीडिया यूजरों तक पहुंचने में हमारी मदद करें,positive
I'm satisfied,positive
super baaad,negative
"The app can be supported by any phone ,it is good na don't be affected by ads good app supported",positive
so lovle,positive
Tade man🙏🙏🙏🙏🇪🇹💯,negative
very bad 😞😞,negative
consistent,positive
facebook প্ল্যাটফর্মটি অনেক ভালো নিজেরও অন্যের পরিচিত সহজেই হয় 👍👍👍,positive
for business and friends,positive
"Message I don’t even know where to start… I feel like I’m about to break down right now. Facebook just disabled my account without any warning at all. No explanation, no chance to prepare, nothing. One moment everything was fine, then suddenly—boom—locked out like I did something so wrong. And now they’re saying I only have 180 days to appeal or my account will be permanently gone?? How am I supposed to handle that… It’s already been 10 hours. TEN HOURS.",negative
exiled 🥰🥰🥰🥰,positive
you have stopped showing how close is someone to monitization,positive
very good App This issue ful App💪😎😍😍😍😍🥰🥰,positive
so very beautiful,positive
good appppp,positive
it's good for entertainment and knowledge,positive
best best,positive
M.Hassan,positive
"I have to say I'm not obsessed with the app as I was 10 or 15 years ago, I'm proud to say. Seems over those years I've matured quite a bit. Don't get me wrong it was then & still is my favorite app period; but I don't stay on my cell EVERYWHERE I go like I did before I'd rather ""be about it"" instead of texting about it on Facebook \,,/",positive
Facebook is not install properly,positive
great more success,positive
"_Just ease your mind when dealing with Facebook, i must say Facebook has really inspired me in many ways you can ever imagine so i kindly recommend everyone out there to stay put on this lovely social platform.",positive
Good features 💯,positive
not clever google,negative
what Facebook is doing Right now is not good,negative
good but just use Facebook lite. literally the same but 10x faster and lighter,positive
my 14yrs old fb acc got suspended along with my instagram,negative
Facebook app not installingg,positive
always makes my account suspended or disabled without any reason,negative
"Algorithms always recommend a conflict-prone post, why can't you not?",negative
"Not sure if its an update, but when trying to tag a friend, its not giving me a full list of friend, just giving me a short list of Suggested friends, some who I have never have tagged before.",neutral
""" looks like you don't know this person. Lets stick to spending friend request to people that you know"" that's what I got from meta when I send a friend request to someone that I'd known for years and who I just spent 3 months visiting. so I guess I need to ask what is social media for if it's not for meeting new people? and why would men think they know if I know somebody or not, because it appears to them that I may not know that person, is absurd. you may never see me here again.",negative
Facebook is not app it is a heart of this world and I want everyone have a facebook account,positive
The worst Facebook app to have ever used.,negative
"the app feels laggy and stutering a lot, especially when opening the reaction buttons on a post. The notification center is a disaster, doesn't accept the (don't show this again) or (show less)- same with reels. The app frequently refreshes unnecessarily (on its own) resulting in losing the post I was reading.",neutral
I enjoy every single content I do,negative
Is not updating,positive
Awsome!!!,positive
កុំអោយមាន Fake News ច្រើនពេក Disable ខ្លះទៅ,positive
perfact,positive
i like it Facebook,positive
mast ha 😄,positive
"Drowns users in unskippable ads, making use of the app impractical and unpleasant.",negative
Great app but uses alot of data,positive
বাবু,positive
I like the women and motorcycles,positive
Ewuuu,positive
طاولا,positive
yas,positive
"— ""মোমবাতি নিজেই জানে না— বুকের ভিতর যত্ন করে রাখা সুতোই তাকে তিলে তিলে শেষ করে দেয়। 🕯️❤️‍🩹✨""",positive
beta update plzz,positive
Facebook is one of the best social media platform ☺️☺️☺️☺️☺️☺️ one billion love for Mark Zuckerberg,positive
♥️💪,positive
great!,positive
"Come home from a 3 day trip where I didn't comment anything on fb and I'm randomly on a comment ban? BAN THE ALGORITHM. still getting comment bans for.... commenting too quickly? really stupid. fix your stupid algorithms, meta. or just require actual people to review potential bans before implementing them. this is the lamest form of censorship ever.",negative
अति सुंदर नृत्य💃💃👯,positive
"doesn't even deserve 1 star, piece of garbage app, make an account and can't even use it.",negative
Useless app,positive
Facebook is the greatest app ever,positive
been here in Facey land for a very long while now,positive
👊🏼,positive
transferres great picture,neutral
too many security I can't get my old account back,neutral
"This is honestly one of the most frustrating app experiences. Every time I try to send a simple message on Facebook, it forces me to install Messenger separately. Why should users be forced to download another app just for basic functionality? It feels unnecessary, annoying, and poorly designed. Instead of making things convenient, this just makes the experience worse. Not everyone wants multiple apps for something that should be simple. Please stop forcing users into this and improve the core",negative
What do you update? Another faceless corporate business This ai rubbish and massive updates kill your phone and you see no difference,negative
Jay Shri Ram 🙏,positive
"how to fix this issue? Your account has been disabled For more information, please visit the Help Centre. Your account was disabled on 4 Apr 2026. If you think that your account was disabled by mistake, you can submit more information via the Help Centre up to 30 days after your account was disabled. After that, your account will be permanently disabled and you will no longer be able to request a review. i wasn't doing mistake, my campaign still running in my account. i need human support.",positive
fast and easy,positive
I don't like the new feature in which people can see the number of posts shared at the top of my profile... it's embarrassing,negative
best idea Quality suggestions,positive
I'm completely stuck and very frustrated because my other account has been suspended. My main account has been under review for days (almost gonna be a week now) Could you please let me know when I can expect a response? I have already SUBMITTED an appeal and completed the ID verification via the selfie video. I would really appreciate your help. THANKS,negative
It may bug sometimes,positive
👍 nice,positive
Very Good 😊,positive
wonderful 👍👍👍,positive
please remove the music of posting so noisy 😠😠,negative
Thanks for all fb friends💕🙏,positive
"I'm telling you guys Facebook is not for kids anymore, there are so many adult content promote by Facebook.",negative
Love it. Information Super Highway. 💯,positive
FACEBOOK ROCKS!! 🔥⭐️⭐️⭐️⭐️⭐️🔥,positive
love 💕,positive
App is only showing Chinese as a language but I only have my settings for English,negative
Enjoy Facebook forever. sometimes it feels bad waking up early seeing ur account disabled. it hurts so much. but however it's the best to connect with people around the world. enjoy 😉,positive
very very nyc,positive
peace namajents,positive
♥️,positive
This facebook app need to be BANDED from the internet .Its fake I beleive its a clone page,negative
restricted from a lot of things,negative
ยิ่งอัฟยิ่วแย่ลง,positive
waw,positive
Thank you so much Facebook,positive
"I can't view live sellers on face just today and after I tap the video it said something went wrong. Pls try again. Please help me, this",negative
Hello dear sir..my facebook Account is disabled my account name BADSHAH BADSHAH community disable l want my facebook account one more chance 🙏🏿🙏🏿 please sir mma 🙏🏿🙏🏿,positive
"Love using Facebook. Super easy to use, fast, and very reliable. The interface is clean, and everything works smoothly without any issues. It’s made staying connected so much more convenient and enjoyable. Highly recommend it to everyone!",positive
🙏🙏🙏🙏,positive
Would have been 5 stars if it wasn't for all the ADs and limiting of my likes and posting.,positive
my accounts have been hacked and my email address so you suck for not helping 🙃,negative
"Facebook.. I am very disappointed with this app! I have been using it for about a month and only have one post but I was banned for ""not following community guidelines"" this is not true. I have done nothing wrong and now my account is permanently disabled. it's a shame because I was looking forward to using this app more.",negative
perfect app 5 million stars,positive
extremely helpful!,positive
🥰 🥰 🥰 🥰,positive
real Facebook is great 👍🏿,positive
"This was just so good. Can't recommend it highly enough. Choice of music, musicians and singers were all brilliant.",positive
Mera Facebook account hack ho gya hai. name Rahul yadav sahi kronyr,positive
"Facebook is great for keeping up with updates and connecting with people worldwide. The features like groups, marketplace, and memories make it very engaging and useful",positive
my Facebook,positive
HAPPY,positive
my family,positive
amazing and nice 👍 u,positive
I dont know what is this,positive
Facebook is a good app.,positive
public are very supporting me thanks face book,positive
Best social media app,positive
tolong..sy x boleh buka fb..syg nye dri 2009..2 mggu lpas tukar telefon..xbleh buka..xthu stuck dkt mne..dh update yg terbaru pon x blh buka,positive
good 👍 j,positive
"most worst app ever।।। bez this It was good at first, but now it's getting worse day by day. My ID has been deactivated for no reason.",negative
we need the best Ia by Facebook plz,positive
FB is tracking us and reading our personal messages.,negative
"Facebook should really consider adding a dislike button. Not every reaction is positive, and users deserve a simple way to express disagreement or dissatisfaction. It would make feedback more honest and balanced.",positive
Facebook as a whole is GARBAGE!,negative
hey was the far the best Barry Allen since the 90s when I watched it the flash .,positive
amazing 👏 🤩,positive
"It's not a good app; it contains disgusting videos, videos that should be deleted, and corrupt videos.",negative
good luck,positive
hero star ⭐,positive
easy and fast to use,positive
no privacy anymore. Maybe I need to leave this app.,negative
good option,positive
it keeps you updated on different categories great knowledge,positive
wastes lot of time,negative
nice apc,positive
"easy , great app",positive
Lots of space.,negative
absulotely good,positive
this is a great platform,positive
goood,positive
😭not even though we have been,positive
nice app I like it,positive
have to sign in evrytime,positive
I like this,positive
Awesome Services About Online buying Plants ☘️,positive
glitches after an update,negative
Worst app worst service someone is using my number for the past 7 months idk how they got it i don't use what'sapp or Facebook i just saw otp on what's app messages and then a guy using account with my phone number and locked his detailed on it. I tried everything no support from them useless ai replies on website that's all you get,negative
please support me,positive
log in problem,negative
not posting my posts,negative
I got scammed on marketplace and Facebook is still allowing it to happend,negative
na Wala po main account ko pwed po sana e Balik,negative
the heck is this app my account has been restricted. and there's alot of important thing in that account that i need as a student😡,negative
ভালাই,positive
"it's Facebook, where all the gossip is. trouble is when it turns on you. watch out",negative
"As of 4/12/26 sharing a post with a reel does not post properly. When sharing posts that include a reel, all you get is a link to click on to get to the reel, which takes away the dynamics of the post your trying to share. It looks very generic. Please fix this!",negative
informative,positive
there are some like me that would like to strengthen you give you support and need some to share together grow new memories dreams happy ness. you don't need to be alone.,positive
Amen 🙏,positive
it always has its quirks,positive
"sao đã khóa xoay màn hình rồi vẫn bin xoay, nhất là khi đang gõ chữ (Galaxy M51)",neutral
meta verified is a waste of money. The support team did nothing to help me with my issue.,negative
Sir please recover my account,positive
alhamdulillah... nice browsing,positive
also the very powerful performance I am very happy on Facebook,positive
Dark mode in the settings dissappear i don't know why!!!,negative
यह ऐप सर्विस बहुत अच्छी है और इसका इंटरफेस इस्तेमाल,positive
awesome thanks Facebook for your creation,positive
OK,positive
I am giving it only 3 star ✨ because there is so much ads every single video,neutral
my feelings,positive
Thank you Jackie. we appreciate your words and support. we are changing lives one person at a time.,positive
bigla na lang nag d-disabled ng account damay inosente sa'yo yah,negative
I don't have any way to see a reel that snaps off while I'm watching it. The warched reels tab is completely missing along with the navigation bar in settings. The settings after privacy,neutral
"Nice application, Thank You.",positive
stop forcing random posts that i dont follow in my feed they will only just get blocked,negative
👍 👍,positive
no advertised,positive
wow 😲😳,positive
A nice way to waste time.,neutral
All the best,positive
mi amamas stret lo play wantaim kundubet husait yu no sawe mi laik tokim yu olsem kam join wantaim mipla lo kundubet and enjoy wantaim kundubet na play,positive
ALLAH AKIBAH 🙏,positive
ok😎💪,positive
nice.good app.own time helping people.i am interesting 😁,positive
ossam,positive
essential,positive
"My facebook account has been disabled after I was asked to take a selfie of which I did successfully. When I click on the Appeal button on the mail, I am being redirected to the facebook page to login, where I'm immediately informed that my account has been disabled and can't move beyond that page. I have tried various avenues to contact Facebook but haven't received a response in any of them.",negative
facing problem in logout,positive
What a great opportunity to help support a dream for a very sweet Young man!,positive
"Hello Facebook Team I regularly create videos or other content on Facebook and try to reach people. Now I want to create an opportunity to earn from this content. That is, Facebook should pay me by showing ads on my content or in other legitimate ways. I am interested in creating content according to these rules and am working continuously so that Facebook can start monetizing and open up a way for me to earn. Thank you Facebook Team",positive
garbage,negative
steady and smooth,positive
l love this app,positive
this app is very bad his coustomer service team not working and his security is very crucial his security is very easy to hack a account,negative
I hate new update,negative
"Back button is broken, doesn't take you back to previous app when pressed.",negative
thanks so much,positive
terrible and frustrating. some of the raving reviews here seem fake. it gets worse all the time and I only use it because I have to as a musician. not using it for personal stuff anymore.,negative
me,positive
best too,positive
Facebook nahin chal raha hai mere mein kaise chalega,positive
Better than ever,positive
worst apps,negative
1000% amazing interesting fantastic social media platform thanks.,positive
its ok but they let to many scammers get away with stuff then I get repremended when I curse them out its crazy how many fake profiles are on Facebook an other apps,neutral
nice 👍 please follow me,positive
fun!,positive
made some good buys on marketplace,neutral
Very good application for social communication.,positive
big vibes 😻 meta VIPS on the building,positive
froud app,positive
"I'm really frustrated right now, I woke up this morning and there has a notification that my account has been suspended and I need to appeal which is diabolical because I have made 4 accounts and it's all suspended without any warning or any reason I've been using facebook since 2016 and I'm really disappointed by this. I use it for my make up business but now I think I might need to change another platform to communicate with my clients this is trash",negative
begana men is so funny guet,positive
vari Good,positive
"Facebook should be a friendly and welcoming platform. People want to feel excited about the information they getting and sharing on the app. But that seems too much to ask for. Starting with the reliability stability and functionality of the overall algorithm, along with the fragrant disregard of the feelings/feedback from the general public. users . Issues like missing post , deleting post without any reasonable recuse or explanation, unreliable presentations of facts ( since it's inception)",negative
too many ads,negative
way too many ads and pop up random pages that dont even relate to me.,negative
good tympass,positive
full support,positive
"the Queen of Voice, we love listening to Maphra",positive
naic 👍🏻👶🏿,positive
"Great apps, helps me connect with people and family.",positive
I have facing page restrictions issue from 1 year but my issue not solve after one year completed I have facing issue of your page lost access to some monetization tools I don't think I uploaded inathentic behavior or page engagement but your technology detect wrong i think my reels on this page as the main issue of this restrictions I removed all reels and appeals many time but my page issue don't be solved please recheck the issue and solve this as soon as possible Page name :Harsii Writes,negative
please recover my account,positive
ye achha aap he,positive
very good Honey !!,positive
mean people,negative
blocked my account for no reason and I'm having a nightmare to reinstate it,negative
tnx for anyone,positive
Beautiful 🌹🌹,positive
Please public my account because i wanna be content creator,positive
Guzara ho rha h abhy star dea hn Allah kre Kam kre,positive
Social media is most better than that it's ap bowrowsers and links sharing videos,positive
waah,positive
"ay no que horror y pesadilla es Meta, toda desorganizada la configuración, te meten anuncios casa 5 segundos, se refresca el inicio cada minuto, lleno de videos y páginas falsas, de fraudes y estafas, y para más te OBLIGA a tener que instalar Messenger? odio Meta como arruina todo",negative
good work done,positive
good to have this app,positive
"The latest update broke navigation in the app. Don't dare push the back button because it will take you to the top of your ""feed"". Back button from a Marketplace ad? Top of the feed. What a joke. 4/8/26: Still doing exactly the same thing on a clean install. Deleting and never reinstalling.",negative
outstanding application facebook fantastic,positive
beautiful couple 💝,positive
good experience I love it,positive
ggod,positive
So well,positive
great 😃,positive
RIP so sorry,negative
💝I LOVE THIS APPS.. 💖IT IS100% EXCELLENT.. 💗IT IS VERY NICE... 💞GABRIEL LOVE THIS APPS!!!,positive
Not what it once was,neutral
my only problem with facebook is that they usually inform your friends about who you interact with on this app.,positive
All for sure,positive
gd Service,positive
so happy,positive
"3/4 of your feed are ads, or suggested pages/posts, its getting old. Also with this new update when I go to search, im met with more for you pages... like F off",negative
used to be a pretty good app but now it has a bunch of bugs and glitches,positive
I cannot attach images in FB on my Desktop but I can from my Redmi phone HELP,positive
Facebook load karne wala,positive
Excellent,positive
good very very good I love Facebook,positive
"With this Facebook, relationships have increased in our country. We have become connected with everyone. Thousands of girls are getting married on Facebook with all the boys and girls. With this Facebook, all the information in our country is available from this Facebook.",positive
excellent job 👏,positive
😇😇,positive
I like how Google make emojis look good for any occasion especially for Birthdays l,positive
can login anymore 6 pin verification doesn't comply stupid bull,negative
it's an great app,positive
I would give it 0 stars if I could. nobody wants to doomscroll ai slop only to be interrupted by ads for ai slop generation tools. the dead internet theory is spot on here.,negative
I WANT TO DOWNLOAD THE FACEBOOK APP,positive
When I want to change password it is not change any it say go to the account center but I change the password from account center,negative
BTS army,negative
"todays experience was worst, they always notif me that i should unlock my account! and there's someone wants to log-in too, when there's nobody knows my account because it's a dump and I'm the only person who knows my pass and number, THIS IS THE WORST",neutral
Bad,negative
ಸೂಪರ್,positive
I like it I just wish there were better ways to protect us and our privacy,neutral
offers all mode you need,neutral
its is a better platform.,neutral
Dilkushku mar,positive
"ANOTHER UPDATE, AGAIN, AND YOU STILL HAVEN'T FIXED THE ISSUE!!!: I am back, yet again. 😑 I have patiently waited 3 months for you to fix this issue yourselves, which you haven't done. The three lines up in the corner don't work anymore. You can not access setting or saved, or messages, but worse is that I cannot sign out any longer to sign into my other account! There have been multiple ""updates"" and not once have they solved this issue. when will we be getting full access to that again?",negative
good it,positive
nothing to complain about yet,positive
thank you app,positive
Open all I like,positive
so lovely and easy to use,positive
awesome 👍,positive
good app for old age 😃,positive
"My account got disabled for I don’t know what reason. That account is really really important for me, it has all what I need, the convos, pictures, etc., are there. Please give it back. :( (Jelu)",negative
please help,positive
you can not upload something fast very poor network,positive
"I'm trying to reach my account, it tells that it sends code to my number but i think the number is wrong because sms doesn't reach",neutral
🙏🙏🙏🙏🙏🫂🫂🫂🫂🫂🫂🫂🫂🫂🫂🫂🫂🫂🫂,positive
I hate Facebook because hackers access my Facebook so easily. I've had to open a second account because my main account has been hacked so many times.,negative
my Beautiful daughter inlaw,positive
",👌👌👌👌👌👌👌👌",positive
my facebook,positive
oryt,positive
Facebook update ho gai,positive
puro bug di na natapos yang bug nayan kahit Hindi mo finollow NASA following list Muna kahit Hindi mo kakilala it's invading my privacy nakakainis aayusin nyo nmn kahit mag private Ako ng acc Wala parin,negative
very very very nice 🙂💯,positive
very good 💯,positive
very Big face,positive
I like this app because you can watch upload your pics and videos and you can post your story,positive
"just downloaded the app , so ,far , so good .. looking forward to winning big . !! super fun already , WIN BIG ..!!",positive
gd app,positive
That Was Really Good App. So I Give It 5Star🌟⭐,positive
nice welcome,positive
lekkar,positive
I couldn't find or keeping the password for my memories,positive
nice one,positive
Network problem,negative
not smart enough,positive
too bad on this update,negative
My account was suddenly disabled without any valid reason. I have always been following the Facebook Community Standard so I don't understand why my account got suspended. The app says that I can submit an appeal but there aren't any buttons or links available in the Help Center for this. No proper communication or support as well my account name is prasad muni please help me 😭😭,negative
Facebook is to nosey 🤣,neutral
They don't filter fake news anymore at all. All reports are closed without any action taken.,negative
it’s Very Well,positive
দুঃখের জীবন আমার শেষ হলো না তাই দুঃখ নিয়েসারা জীবন বাঁচতে চাই দোয়া করবেন আপনারা দুঃখ যে তোমার নিত্য সঙ্গী হই,positive
"My Facebook account was locked, but I did not do anything wrong or violate any rules. I only use it normally. Please review and help restore my account.",negative
not good,positive
This app is good.,positive
Facebook is the best 👌,positive
it's the best thing ever,positive
good jop,positive
very usefull.,positive
ใช้ได้โเค,positive
i love it.,positive
"horrible, Facebook has a mind of its own I can't customize my tool bar, even when everything is hidden Facebook will put what it wants on top",negative
they have resend code but he didn't work no send,negative
Super thanks for asking,positive
nc apps,positive
Very satisfied,positive
fast,positive
Playing videos keeps on freezing up on facebook,neutral
trash,negative
"was good to use, especially in communication",positive
lot of irrelevant content being suggested,negative
enjoyable,positive
videos are not sharing like they should anymore in order to watch it you have to double click after you share it stupid I won't share it will delete everything that didn't share like a video like it's supposed to,negative
"Happy birthday to my granddaughter. She's so cute. Look her father when he was a baby. The difference is that he's got a daughter down my granddaughter, I love her.",positive
Very nice 🙂,positive
Love the Spirit of this music. Great is our God! Awesome music to praise during a workout at the gym!,positive
function very good,positive
im happy,positive
full enjoyment big up Grenada 🇬🇩,positive
do not want everyone to see my account,negative
Thanks to the meta family ! 😘,positive
"Good day, can I ask of you to appeal my account in facebook (John Edrian D Buenavente), I haven't done anything wrong according to my knowledge and was using it just fine then suddenly I got suspended. I submitted my IDs its the only ones I have. Please enable my account, but if you won't can I ask the reason why? so I can avoid it in the future. It's just there's too much information and memories in my account, it'll be such a waste if it's gone.",positive
No customer service,negative
আমার কাছে খুব ভালো লাগে,positive
great platform but more cheating in ordering product very worse,negative
"If used properly, I can understand it's applicability in real world situations. I don't need to see,or hear about...",positive
10-10 I love using Facebook I can get in touch with close family members 🔥🔥,positive
💩👎,negative
always ff,positive
😭,positive
I love Facebook it keeps me in touch with my family and friends,positive
givememyfecakbookacc,positive
Facebook is very Help full,positive
"I created an account and it got disabled without even letting me use it, then I created another one thinking it must have been a technical mistake but now both are disabled. I was not provided with a valid reason or solution to the problem either. Absolutely ridiculous service.",negative
bekar app Hai Facebook usmein koi bhi update dhang se nahin aata,negative
Good 😊👍,positive
"2026 update: im in a group and when I scroll on my feed I see new posts but when I click into the group, im only shown posts I've seen. I sort by new, by relevant, etc and I still only see ones I've seen. stupid. This app just isnt what it used to be. I get notifications days/hours after I should. Also it will randomly pop up saying I have 33 notifications when I have zero. I often have to ""refresh"" on my notifications just to see them. Getting fed up.",negative
"Simply unusable lately. Awful content, and even worse user interface.",negative
Good App,positive
good for using,positive
seems a little different then how it was before,positive
😍,positive
it's a good social media page to get on contact with others.,positive
it's a very very nice app and i love it,positive
good ',positive
very very best Facebook,positive
people connected,positive
bakwas hai,negative
I'm about to promote my account,positive
love you mamah,positive
A good options for social communication.,positive
rajgir hai,positive
great fun,positive
it always loging out!!!,negative
"A Great social media platform, especially for skilled professionals to stay connected with friends and family.",positive
too much commerical,negative
I redownload it for marketplace then immediately delete it as soon as I find what I want. meta is scum,negative
better than old version,positive
ammmm,positive
can't update on GameLoop,negative
want to make it private,negative
"Nothing but ads ads ads, and manipulated feeds. Never see friends posts, because of the algorithm controlling feed. Why even bother!?",negative
"This social media site is a HUGE nest for stalkers,spams,scams and homophobic cyber bullies who will ATTACK me and discrimination on this Facebook meta site is HIGH.I was attacked and blocked by a hateful troll on Facebook messenger because of my sexual preferences as well as my racial background and disability status and HIV and std status.I tried to report them for hate speech and it's not working they didn't delete or suspended the member yet if I done something bad I get 11 day suspension.",negative
Fun,positive
this app is not good for me bcoz this app videos kam but advertisement so many times,negative
Team istagram I have not done anything wrong and I'm sure I have followed your rules of conduct and you have suspended my accounts for not any valid reason please back my account as soon as possible.,positive
Very crafty with their work. I recommend them 100%.,positive
Let's hope she does run! 💯 %,positive
he is nice app he is good for use,positive
my Facebook account was suspended and hacked,negative
best app yet,positive
suspend my account without reason,negative
mahusay,positive
Very good apps for personal,positive
meta please recover my account 😭🙏 I didn't know how my account is suspended but I know this i don't break your rules regulation,positive
best social media,positive
Just got suspended after your stupid facial recognition feature. Are you suspending people for using important privacy features such as a VPN now??????,negative
useless app. very disappointing,negative
I love that it's easier to share your family photos & best moments with other relatives that live in another state! Another great thing about this app is the market place! You can sell and buy on it also!,positive
"Facebook is a great platform for staying connected with friends, sharing updates, and discovering communities that match your interests. Its wide range of features—from groups to marketplace—makes it a versatile and engaging social experience.",positive
"stupid and frustrating keeps suspending my accounts for no reason ,I will never issue my id idiots",negative
hmm as for me facebook us doing me great,positive
loving variation in information entertainment lots more,positive
"feed k đa dạng, xuất hiện những bài xem rồi quá nhiều lần",negative
amazing work 👏,positive
Best,positive
videos act like they wanna buffer or go slow I got fiber internet,negative
good enough,positive
will always enjoy.,positive
well done,positive
verry good performance great❤️❤️❤️❤️❤️❤️❤️❤️❤️❤️❤️❤️❤️❤️❤️❤️❤️❤️❤️❤️❤️❤️❤️❤️❤️❤️❤️❤️❤️❤️❤️❤️❤️❤️❤️❤️❤️❤️❤️❤️❤️❤️❤️❤️❤️❤️❤️❤️❤️❤️❤️❤️❤️❤️❤️❤️❤️❤️❤️❤️,positive
Highly recommended! Fast service and excellent quality.,positive
❤️‍🔥❤️‍🔥❤️‍🔥,positive
Facebook remains the best social media in human history. it is amazing and full of social information that fits all generations. Other social medias should just embrace the ways how facebook is organised to fit all kinds of human beings.,positive
owsome,positive
wonderful and amazing,positive
It's best game in the world,positive
MDJamirul,positive
my account is being taken over by some one else and I've completed nothing happened so li would like to delete any account s my name is on should be 14 of them,neutral
overall good experience,positive
thank you so much Facebook,positive
I am not log in any game in my fb so please solve fast,positive
aa. Tap on a clip du yyy5q to paste it in the text box.Touch and hold a clip to pin it. Unpinned clips will be deleted after 1 hour.,negative
"Horrivel iniciar no reels, 5g indo pro saco",negative
𝐧𝐢𝐜𝐞 𝐚𝐩𝐩,positive
"there is a glitch going on,i logged out of facebook than i putted my password but it doesn't work,it only shows an error.",negative
"bahut hi badhiya kaam kar raha hai, and mujhe bahut bahut achcha lag raha hai.",positive
aikua of,positive
वेरी good,positive
too much advertisement,neutral
This app was very nice and playground,positive
my account was literally banned for no reason i was just posting my family's trips,negative
absolutely 💯 amazing,positive
thikthak,negative
So much lack,negative
keeps changing layout and every time I change it back to my liking it changes again. my location is never right even when my location is on.my games have trouble loading and staying in operating order,negative
good 😊💯,positive
it works perfectly,positive
awesome app!,positive
ល្អបំផុត,positive
stream level slow,negative
it nice 👍,positive
i think the facebook is the best,positive
beautiful 😍,positive
If you click the same thing not interested 10 times then it comes again. Very useless app on the screen and there is a very long process to block someone.,negative
Very very very good app🥰❤️,positive
ahhhh,positive
This whole series is excellent!,positive
open all day appsand it just stop and go fix that problem please,positive
"love Facebook. enjoy reading and seeing lots of things on here. been a member since 2009...... 2026....im not happy with this app now. Just out of the blue 2 days ago ,it just shut my account down. locked it. I can't even use it lost all m of my pictures etc. ive tried and done everything. its like they flipped a switch and i can't use it. others still see it up and online. but im locked out. and to also they deleted my fb messenger. im so mad. 4/6/2026",negative
nice 👍👍👍👍🙂🙂🙂,positive
idk just happy w/ it,positive
"app really annoying. unable to send comments. send bar hidden under my home, back bar. when report also a violent content also can't report. uninstall and reinstall. but nothing changes",negative
"terrible customer service my account has been disabled and yet no communication from you ive emailed and done everything that I can and still no reply from you at all. its not about our Facebook so much its all the memory's and business we loose out on as well as our group chats, please pick up your act customer service wise and reply to people",negative
😒,positive
help me,positive
ddrp app,positive
So necessary in times of need. 💞,positive
Facebook is nice and easy to use,positive
nice apps,positive
Pondering,positive
"This app has everything you need for browsing and editing, give it a try.😉",positive
"reels post date issue, while watching reels the date should be mentioned to avoid confusion of getting videos information..",neutral
Wow Perfect,positive
гоё,neutral
bahut hi Sundar video banaa rakhi hai shandar,positive
too much disturbed,negative
excellent communication and information,positive
"Dear meta, You have suspended the account that I am using with the most important details and documentations I have, please let me use it again, I badly need it for the conversations I already have especially with the shareholders of my work. I hope you can address this ASAP",negative
so beautiful,positive
jelek,negative
Facebook download Karen Koi Facebook problem nahin ho raha hai,positive
App won’t work on my iPhone or install,negative
Exellent,positive
nice platform ♥️♥️,positive
Lets have a ton of ads. NOW lets add more force them...,negative
good but error,negative
best app for play store.,positive
worst app peacefully watching adds in between they are playing reels,negative
👍😉,positive
High levels motivated & usefulness page❤️❤️❤️❤️❤️,positive
👏,positive
Didn't give anything benefits,negative
"obviously loyal to the death 🌟,",positive
"session expired, please log in again. that's the only thing from this app since 3 days. not that i want to use it but i need to as i have a page i manage for others. not even that but the account i was forced to create for advertising on Instagram was blocked even sending my documents and taking all the screenshots stuff. good work meta!",negative
impressive,positive
terbaikk,positive
worst app ever to happen to mankind,negative
NGE bug Mulu kerjaan nya,neutral
"Like button problem, pls solve",negative
Phone battery has no hope with this app hog.,negative
amazing work,positive
My account is disabled without any reason. I'll not use again this worst app.,negative
my account is permanently disabled yet i did not violate any community guidelines,negative
Nice and Good,neutral
absolutely perfect... thank you,positive
সো বিউটিফুল,positive
Reported a scam page but never took action on it.,negative
Been here forever gonna be here forever still a great app.... still can't believe I was on FB when there were less than 1k people. 😁👌💯,positive
good 👍 ok,positive
I 💕 belong here you touch my hartns9ul I am agailirèith yu9andythomas in l,positive
I don't like half dressed females all the time . my boyfriend page is full of them. I'm sick of it,neutral
"Please facebook fix your problem, my account got suspended again even though I'm not doing anything wrong, so please facebook fix the problem. I created an account but everything I do will be suspended.",negative
8 Year done but ai is too much bad.,positive
With every new update Facebook is becoming worse. They're trying so hard to get people to leave this app. Feels like self sabotage,negative
they don't respons if the account is registered with the same device also the ask for verification onece it logout they have to ask for otp if the otp enter also the account still remains the please verify from almost 2 months iam facing this problem,negative
Thank You very much I love this App,positive
very bad,negative
sensationally awesome,positive
😌❤️‍🔥,positive
the app is so smooth i like it❤,positive
I like it Facebook real.,positive
"Facebook is a great platform to stay connected with friends and family. It offers a wide range of features including groups, marketplace, and events, making it very versatile.",positive
this app really helpful to all overseas workers❣️,positive
Garbage,negative
"my Facebook has been hacked, just 5 minutes ago someone from another city in my country tried to log into my account. ive tried contacting Facebook but have got no response. please Facebook assist me in gaining full control of my account",positive
"Hey! Stop stealing my data, weirdos. I don't even have Facebook installed.",negative
Facebook is great job 👍,positive
milagi aur kar do please fesabook,positive
bad update policies and incorporation of AI,negative
video & reels are lagging.. fix it please,negative
"1 star because it always disable account, four times a create but it always disable",negative
bakit hindi siya ma update??,negative
This app is one of the best app for our life .,positive
ok 👍 I think 9u gf,positive
is better,positive
"Facebook app is friendly app. This was so easy to use and very smooth app. You can enjoy reel, and even watch movie. Really love this app!",positive
jossnice,positive
supar 👍 👍,positive
Nice 👍🏾👍🏾,positive
still be the best platform,positive
I've tried everything but the app still keeps crashing,neutral
achaa ap nhi ha aa koi ledki msg ka Ripley nhi deta 😒😒😒,negative
good Facebook,negative
Great bridge between me and my loved ones. 🙏😎,positive
it's best,positive
public Support Karo 🙏🙏,positive
அருமை,positive
because I had put in 2 emails FB cancelled and I had 180 days to respond with appeal and they just shut my account down...I don't think I will ever use it again... how did 180 days go by within a week or two...never again you have no rules that you follow!!!?!!!!,negative
very popular but absolutely disgusting app. especially terms and policies. absolutely ridiculous.,negative
good app's,positive
New update is ugly when sharing a video it looks like a sentence with photo post instead of the actual video itself.,negative
I am really good👍feeling better than😇,positive
Very nice app to install and use,positive
"how do I stop this new ""are you still watching"" BS?????",negative
Facebook is very slow and lol 😂 app no rasponble connection thank you,positive
tệ=)) đ còn gì để nói,negative
the app unable me to receive some messages,negative
great 🩶🙃,positive
❤️,positive
I love you ❤️❤️❤️,negative
horrible app,negative
Most favorite app,positive
"I always want to watch my local news, politics, various information in my facebook video option. But my video is not coming, nonsense videos are coming please stop them.",negative
"just 1 big ad, Facebook should just be shut down because every 2nd post or video is a SCAM!!! ad, SCAM!!! ad banners on the videos and SCAM!!!! ads popping up and playing over the videos. it's not social media anymore ITS JUST 1 BIG SCAM!!!!! AD",negative
I love this like this oooooo,negative
Trash,negative
thank you Facebook team,positive
My my experience for facebook is too good,neutral
bulok,negative
masallah,positive
Facebook is the best,positive
"Your application is interesting but the download option should be increased, thank you",negative
I want to keep those things private. hackers and scammers use that information to steal,negative
Listening and spying,negative
can't use my Facebook,positive
"Dear Sir.. My Facebook Account is disabled my account Name [Rinkukomar Rinku]has been Community disable. I Want my Facebook account  Sir i'm sure i didn't break your rules and regulations and i  respect you and your comunnity guidelins, sir i'm sure you have made a mistake please sir i request you please review my account again and reopen my facebook account as well as soon possible becouse sir i have linked my account other social media plateform like (Free Fire Max,instagram,) and many apps",positive
تشکر,positive
मेरा I'd monetize हो जाएगा तो 5 ⭐ ✨⭐ देंगे,positive
Too much buggy lastest update,negative
top,positive
please viral my everyone vedios,positive
brilliant night excellent music i really enjoyed attending manchester and London 5 stars look forward to you returning to the UK again in the future maybe include birmingham like in 2023,positive
Gopalmandal,positive
way too many ads that are scams,negative
"my account was automatically disabled without any violation or community standards I'd disobeyed. Until now, it still disabled.",negative
Bgmi 👍,positive
gajab,positive
"It's good to meet fiends, family and friends throughout the world with the WhatsApp group.",negative
account got suspended without me doing anything,negative
Facebook always a good,positive
love it 😍😁,positive
"Edit: facebook now requires you to send a video of your face to ensure youre a ""real person."" when you create an account, or have an existing account you havent logged into in months. Theyre working on training and manipulating their ai to mimic and learn from your videos. delete this app and save yourself.",negative
very nice 500,positive
Amazing.Band great tribute to black sabbath,positive
Great photo,positive
plz meta please help 😭😭😭😭😭 please fix my copyright right issue 😭😭😭 i try many time bt this issue not fix plz help me 😭😭😭😭😭😭😭😭😭😭 plz meta help meeeee plz😭😭😭😭😭😭😭😭😭😭😭😭😭,positive
marcetplace,positive
good stuff yes,positive
it's all I need to stay in touch with family and friends,positive
this became my favourite.,positive
I was creating my first Facebook account I never had a Facebook account before I got to the part where I was creating a pen to where they suspended Me I tried to appeal the suspension without even knowing what I did they never told me what I did and they permanently Banned Me i tried to find out what could have caused it but all they have is an AI that's pretty much useless on trying to help you on that situation i was just trying to use facebook as a place to talk about my love for Jesus,negative
after recent updating also same glitch happening.,negative
durgesh,negative
"Please fix this problem. when I tried to change password and I type the right code, it said I enter too many code even though is the right one. and I waited for 24 hours and I still can't change password and also the code, I almost waited for 20 days and I still cannot change it. I tried everything but is still not working.",negative
suspending for no reason is insane,negative
world fun,positive
I love this app so muchh💞💞💞,positive
plz smoot the app,positive
unfair,negative
been using it since day 1,positive
yes this me,positive
Facebook as a social media is a good ground platform,neutral
"I am giving one star because of Facebook videos ,,we have seen lots of videos with half screen, why you are not fixing this issue",negative
updates not getting installed,negative
Facebook page app best audience app,positive
Never Going Back Again,positive
osam,neutral
ফ্রেন্ডের সাথে যোগাযোগ রাখার জন্য দেশের খবর নেওয়ার উত্তম খুব ভালো ফেসবুক অ্যাপস,positive
veri good nice thank u bahut achcha sabse jyada use karte hain isko bahut achcha app hai,positive
আনেক সুন্দর,positive
"jl. nm kmon kimm ki unn cc rx,x1p",positive
"doesn't matter where you are, or what they say, your data is theirs to sell AND it's always listening. You WILL get ads whether your mic is on or not",negative
video audio sound not working,negative
super 🫶,positive
"খুবই ভালো,,",positive
amazing 👏,positive
too many adds,negative
wonderful Channel,positive
The best ever since I was shopping for my own house,positive
Allhmdllh for life,positive
used for years with no issues and then it asked me to rate.,negative
so so bad! paid to talk to the agent to help out on randomly disabled account and still didn't do anything at all! worst part is my new account that subscribe is ban as well just because they are linked to each other! hope Facebook take actions on this and stop relaying on AI!,negative
nice app osm,positive
happy life ❣️,positive
this app very useful and good news,positive
absolutely ❣️,positive
"when i open this app,,why it direct to notifacation not in home icon?",positive
සුපිරි ම ඇප් එකක්,positive
"it's good, no biggie",positive
ai Account delete verry dengurus,negative
"I can't open my facebook page on the website, Facebook keeps expecting me to change my password and I don't want to, I can't login to facebook on app any of my devices and I can't permanently delete my account I can only deactivate it. They say they're trying to protect my account from so many logins but those logins are because of me. Facebook just need to be shut completely down and completely start over. They won't let me create a new account or reset my password. This is unacceptable. It is.",negative
because I am using Facebook android 16 facebook glech oppo a3 5g,negative
good ❤️,positive
it's a good place to be,positive
please give more information when fact checkers complain...,positive
"when I log into pages, it always logs out.",negative
nice performance,positive
good day😊,positive
why soon version remove,positive
this app is soo Great,positive
I daliy using them is app easy to connect my contact And information or fan and entertainment,positive
nice apps🫰🫰,positive
"telemetry,insane how much everyone is paying to have there data taken , sold and used. literally pay your carrier (who owns your 1k+$ phone. then have 0 control over all the tracking and telemrty or even the device. then the brand of the device is pulling data. plus all the bloatware. im sorry you should have some control over your life ,your data, and control over the device you pay for but. in all reality your just a tenant renting a device. paying to be tracked exploited, 2026new law0freedom",negative
Love your work ♡,positive
fb deabel my all account with any rol violence its not fear iam tired to find but thay cant,negative
best app🌺🌾🩷,positive
very good nice,neutral
Excellent app for social network,positive
❣️❣️🥰 Family and the winter months of experience,positive
nice very good and happy Thanksgiving to your kind.,positive
is vary 😊,positive
Facebook permanently deleted/disabled my main account which I have used for I think 15 years now. Why did this happen?,negative
very good very nice,positive
FACEBOOK ARE VARY HELPFULL YOU NO WHAT❓,positive
"this sh,*t mass banning account for no reason, waste of time and traumatic. I don't wanna create another account because this sh might ban it again.",negative
wow Facebook app was very good 👍,positive
Vaalo,negative
बहुत अच्छे विचार काश हर इंसान ऐसे विचार अपनाएं।,positive
this the greates to contac my freind and family from the far,positive
stevin tynsong,positive
Absolutely Amazing,positive
both are awesome.,positive
disabled my acc for no reason,negative
superb....,positive
"Gran Karak News, good job, thanks.",positive
best ever,positive
yah open kyon Nahin ho rahi,positive
what an app! 🤯🤯🤯,positive
😍😍,positive
NOT NOW,positive
main content creator hun mujhe Facebook ke hisab se policy Ka Dhyan rakhna padta hai aapke har ek baat Ko manta hun Facebook ji,negative
I love this couple. They are my baby's godparents.,positive
best apps,positive
"update for nothin, the bug is still exist.",neutral
manager pani ka manager,negative
I've never seen an app that needs more updates than Facebook.,negative
remove the ads please,negative
thanks you facebook great us,positive
"The manipulation is constant and this app does not conform to Play Store Developer policies. Constant scam ads with what looks like no review process. Data farming using loopholes to make sure concent doesn't apply. If you haven't heard about ""ephemeral notifications"", they are notification icon that pop up to manipulate the user into tapping the icon. The notification then dissapears. ""Threads will show up less often"" why not just not at all? Etc. Etc. Etc.",negative
अच्छा है,positive
"This 12:30 p.m. service global prayer touches the heart, and I am so grateful",positive
good family's . suvo da ..valo acho..,positive
I like it that can help our society 🙂,positive
BEAUTIFUL,positive
when i go live on facebook i want to put my phone number and text something and i want to edit that's not it on the facebook it's hidden all text 0% rating from my side facebook please update your system we are facing lots of problem with facebook live,negative
bakwas,negative
I think facebook nowadays is not function properly,negative
Sunny Babu,positive
useful apps,positive
"My Facebook account was disabled by mistake. I always follow Facebook's Community Standards and believe this was an error. I use this account for personal communication with my family and friends, so I would really appreciate your help in reviewing it.",negative
THE WORST.,negative
why would you just disable my profile just like that,negative
Nice 👍,positive
I have just had my Facebook account suspended with no explanation. I have tried appealing but to no avail. I have always used this service according to the terms and conditions and have done nothing wrong to warrant this. It must be a mistake or been hacked or something but I have no way of knowing. I rely on this app for my music career. Please help.,neutral
this apps ads is very bad and disterb im uninstal this app,negative
Facebook ek bahut achcha app hai,positive
This app is very good. It is easy to use and helps me stay connected with friends and family.,positive
great 👍🏻,positive
excited,positive
marketplace full of scammers. but not taking any action,negative
add date and time of uploading videos on reeels,negative
Session expired login loop causing problems,negative
GOOD,positive
"My account was disabled even though I am the real owner of it. I already followed the process, but it still got permanently disabled with no clear way to contact support. This is very frustrating because all my personal data and memories are there. I hope Facebook improves its review system and provides real customer support for cases like this.",negative
very good 💯💯,positive
out satanding,positive
Facebook old off Facebook new on,neutral
my facebook account shows content monetization option plise help me chikmy profile my content original voice original no copyright video but not showing my account contacte monotaizesan setap not showing I am not happy so sad my Life and my family not saport not earning facebook aap my friend laphing facebook hard work and not money eligible please remove my accounts all issue and eligible content monetization option plise help me 🙏🙏🙏🙏🙏🙏🙏🙏🙏🙏🙏🙏🙏🙏🙏🙏🙏🙏🙏🙏🙏🙏🙏🙏🙏🙏🙏🙏🙏🙏🙏🙏,positive
vary nice 👍,positive
good 👍🏻 app not very much 👍🏻,positive
"Touch and hold a clip to pin it. Unpinned clips will be deleted after 1 hour.Use the edit icon to pin, add or delete clips.Use the edit icon to pin, add or delete clips.Use the edit icon to pin, add or delete clips.",negative
"nice facebook Because you can watch videos to solve your problems, and there are people who can help, like vloggers.",positive
દશરતસિહ. પરમાર,positive
hamen bhi star de do hamen bhi support karo 😔😔❤️‍🩹,positive
THEY DISABLED MY ACCOUNT WITHOUT PROVIDING ANY REASON! I'VE DONE NO VIOLATION TO RULES! VERY DISAPPOINTING! MY ACCOUNT WAS DISABLED 10 APRIL 2026 AROUND 0025H Philippine time!,negative
good 👍 application but not earning money,positive
very nice apps,positive
Facebook team tank u for spot,positive
net chak poblam plz,positive
constant reels,negative
I love this App,positive
"Report / Feedback for Facebook Team I would like to suggest an important feature improvement for content creators on Facebook. Currently, many creators face issues where their original videos are copied, reposted, or re-uploaded by other public profiles or pages without permission. This affects both content ownership and earnings, especially for small creators. Facebook should introduce a Content Tracking System that allows creators to: See where their original content is being reused or rep",negative
very interesting app,positive
stupid apps,negative
thanks meta,positive
not property optimised,negative
Not always happy with the limits re: people that can see a post. i sincerely feel that posts are limited based on content as opposed to free speech (within reason).,negative
too many notifications,neutral
বহুদিন এই অ্যাপটা চালাই কিন্তু একটা প্রেম করতে পারলাম না 🤫😅💔,positive
Had it before for a while now i get hit with the advertising restriction suspending my account. Have no way of recovering it. Been trying still no luck whatsoever. Please fix this issue,neutral
worst social media ever,negative
A good social media app,positive
Absolutely perfect for public exposure and so much benefits thank you for this wonderful social app,positive
very good👍मेरा chenel monatize करबा दो बहुत aeshan होगाbghj jgk 🙏🙏 jfkcghfuhkbibjvjbjbjb,positive
thik hai,positive
yuck,negative
"BALIK NIYO YUNG DATING FACEBOOK, LANGHIYA LITERAL NA IG NA E",negative
real talk,positive
sad bubai,negative
"lovely app , fast and reliable to use.",neutral
social media,positive
ennu ennu eno beku,positive
Very good app.,positive
Good work,positive
is there any more stars to give,positive
"Subject: Request to Enable Content Monetization ​Hello Meta Team, ​I am writing to request access to the Content Monetization feature. My page, Agrawal Radhika, has crossed 1.8k followers with strong organic engagement. ​The monetization option is visible in my dashboard, but the ""Setup"" button is not yet active. I create original content and strictly follow all Partner Monetization Policies. Please review my account and enable the setup so I can grow further. ​Details: ​Name: Agrawal Radhika",positive
people using fake photos not real pic of themselves fix issues. no green back pic while in photos. make sure there using a real business update account on Facebook page in America base. photo be fake to. have to be in America account no outside State.,positive
good 👍👍👍👍👍,positive
I can't login,negative
"New bugs on Samsung: // 1. Cannot comment on posts, graphic location of the submit comment button is covered. // 2. Error when trying to submit feedback through the app: it doesn't even open when pressed. // Older bug: 3. Customized Media settings don't work: I checked both ""never autoplay videos"" and ""open links in external browser"". Both don't work. So in Reels, videos auto jump forward to the next reel, without completing the first one.",negative
the app gets worse every year. it doesnt matter what settings you change because it ignores everything.,negative
Very nice,positive
think,positive
Bug,negative
hlepfull,positive
good app s,positive
Doesn't show my friends' posts. Full of ads and now it's making me pause and stare at an ad for 5 seconds is worth 1 star and an uninstall.,negative
good earning App,positive
"Hi if send messages, I don't be able to see the replies.",positive
Trash. I just want my feed to be chronological and friends only. Its now turning my music off every time I open it. Absolutely unacceptable.,negative
I can't see imoji reaction in the notification,neutral
good 👍 to,positive
Nice full,positive
🙂💔,positive
excellent 👍,positive
Please do something about the AI slop.,negative
DsFCT look,positive
cool design,positive
my favorite fb❤️❤️❤️,positive
Great 👍,positive
very satisfying yep.,positive
it's easy,positive
still works for staying in touch with family and friends,positive
I did not ask for AI slop why am I immediately getting that on my feed,negative
"cannot log on, telling me I have the wrong password,telling me to sign in with a code but then I am told that I will not be able to continue because all my info is not recognized.",negative
it's ok,positive
5 fingers not equal,negative
fov,positive
great and easy,positive
i no use this app,positive
I am appreciate to this app for using for entertainment.,negative
Awe full You Keep Logging Me Into Facebook Lite Account.,negative
The features could be better.,neutral
Fantastic,positive
good facebook,positive
Facebook is better than most... I've learned that you can clean this app up. I remember when Facebook used to be the only one of the programs that you couldn't even swear or lie or anything. lately it has become dirty. when did they start putting those tags those tags are awful they don't need to stop I think this is the most important thing. the three that's in the corner. do you use them to report nudity or things that do not belong on Facebook,positive
Facebook is my favorite 😍,positive
ok 👍,neutral
Addicted I love hunting for houses and its soooo much easier with this app. I may never be productive again It made my search process faster and better.⚡,positive
"the experience on this app. Is telling me that I have two accounts. But one of the accounts has already been deleted. But it is still showing both of the accounts. And it won't let me logout of my original account at all. And you're tech service to fix the problem is terrible, awful and just ridiculous to get any service at all. From you at all.",neutral
"Great ideas to share, learn, wit games, people...",positive
Facebook account got suspended without proper reason .,negative
Standard,positive
setting is not good,negative
you have took my original Facebook account hostage I've had that account for 26 years give it back there are pictures on there I can't replace,negative
𝙜𝙤𝙤𝙙,neutral
.n ni mi hnu ī maa,negative
love you facebook ❤️❤️❤️,positive
"Facebook is a very useful app. I like connecting with friends and sharing posts. But sometimes it has bugs and runs slow. Overall, it is a good app.",positive
very nice 👍🏻,positive
mast buyutifull ho aap darling,positive
"my Instagram and Facebook have been for a couple of times. I made a lot of accounts because of it. now that I'm using it, I suddenly got suspended without any reason. Same situation as my brother and Grandma's account. I don't know why y'all are doing, that was so unnecessary. I can't even get an appeal and even an email?? I don't have any idea why they are y'all doing this stuff. It's giving me a hard time to sleep and I'm having a panic attack rn because that's the account that I'm protecting",negative
👎,positive
"Facebook til remains the best platform to get in touch with friends and family,and also a place to get work opportunity",positive
this app is very good,positive
nice 👍🏿,positive
always awsome and useful,positive
"Never fix bug, a lot of bugs",negative
amazing app!,positive
একসময় ভালো ছিলো। রিলসগুলো এসে খারাপ হয়ে গেছে।,neutral
nicr,positive
my account got disabled,negative
best app ever,positive
Nice,positive
sensesional,positive
it's so nicely to have Facebook platform because this platform it makes more people to be interested on it..,positive
nice aapse,positive
Good for God's kid,positive
"Facebook is a data harvester and an ad serving platform, with the guise and veil of being social. They are now asking for my review of the app, unbidden, instead of taking the feedback that I've calmly offered for the ten years I've been using the platform. Lovely. Facebook is so fiercely a poor product that I am here, writing paragraphs out of spite for the failures of a company which once promised to be a great community platform. Oh, how far they've fallen. Don't install this trash.",negative
I like this.,positive
amazed,positive
This is crazy! my account always disabled without reason,negative
I really enjoyed using this app keep up the good work,positive
I installed facebook app but it has a Messenger app on the upper right and another app Meta Services. data drainer bundle that i dont want to install,negative
Thanks for 👍,positive
that's a great wonderfully 😊,positive
worst ui ever after update,negative
good app 100 percent,positive
17 years accounts full of memories disappeared in a random friday without even violating the rules,negative
The Facebook Social App is Good for using,positive
good ok pg,positive
salamat po,positive
❣️ Suleman ♥️,positive
Thank you very much ❤️,positive
"AI translation is EXTREMELY unnecessary, I speak multiple languages and usually get content from them all so why can't I just turn off automatic translation?? Tried to add languages to the ""don't want translation"" settings and it didn't work, a simple switch to turn it off would be helpful because we should get to choose if we want that ->horrible<- feature on our accounts or not",negative
"key oui 😅 3Touch and hold a clip to pin it. Unpinned clips will be deleted after 1 hour.Use the edit icon to pin, add or delete clips.",positive
so good 💯😊,positive
goods app,positive
no good,positive
"the sudden suspension of my account is really frustrating all the years to that account I never receive any warning, but now suspension or disable? it's really frustrating it affect my important information and my online school task. I Resolve it and messaging meta through them and the email but you didn't give me an email why the sudden suspend even though I don't a rules that are not followed",negative
ads and AI content are out of hand,negative
llllike,positive
It keeps tilting my screen to landscape in comment sections only even my screen orientation is locked to portrait and it's so annoying. It started 2 weeks ago and I've been updating this app to the latest version. Still not fixed.,negative
too much ad,negative
".,it's okie..",neutral
আমি যেতে চাই,positive
Bine șefa,negative
“Excellent app! Very easy to connect with friends and family. Smooth performance and great features.”,positive
I just too love,positive
Nice app to play Engrybird,positive
this app is good ❣️,positive
Why are there so many ads in the video... It's very annoying..,negative
Still The Best!,positive
"i have alot of experience in this app,like getting suspended without even doing anything.I am so disappointed in this app",negative
😉,neutral
very nice and good app 👌,positive
"when i open this app,my phone was collapsing.so,i can't used facebook anymore.. edit as of April 2026: I don’t like the update where people I don’t follow show up on my feed. I suggest removing it on Facebook. I hope fb read reviews/feedback. Thank you so much!",neutral
curious about more version,positive
psy op,negative
নাইস,positive
ex video,positive
আমার ফেসবুক সবাই ডাউনলোড করবেন,negative
good facebook but girlfriend not find aap my life😜,positive
Brilliant platform,positive
its features are getting worse day by day,negative
working,positive
nice app I am interested,positive
exillent,positive
yup yup imlovin it,positive
so good,positive
"so uh i did a factory reset on my phone and i forgot the pin to restore my conversation, how can i fix it?",neutral
facebook is a good way to socialize and keep up and be able for friends and family to network plus other things music business religion etc. only thing they need to do IS DELETE ALL PAST ACCOUNTS NOT ACTIVE AND ANY FAKE ACCOUNTS AND ALL USERS IF YOU NOTICE ANYTHING FUNNY ABOUT A FACEBOOK ACCOUNT JUST DELETE IT OR REPORT IT BY REAUEST IMMEDIATELY!!!!!!!!!!!!!,positive
Facebook is very nice so good unbelievable app who contact for every friends,positive
Stock and Barrel,positive
usefull avery time fecebook,positive
"I’ve used Facebook for many years, and it’s essential for my school, communication, and transactions. My account was suddenly disabled even though I did not violate any community standards. This is very frustrating and has affected me psychologically. It also disrupted my studies and communication. I hope this is just a system bug and will be fixed immediately, and that all affected accounts will be recovered soon.",negative
wow ka nice bro and sis,positive
that's was a nice,positive
5star,positive
"I dont like this new layout when viewing a person profile and can't view there likes,following or worse have to add the person to see there feed post and the other thing when scrolling someone feed and there's something else like a ad or something when this person didn't post that,same as fb videos with ads or a pop up ad, u have click the x to close it, make all videos closed caption since I am deaf and don't understand what they are saying,have to check the closed and sometimes its dont work",negative
🙏🅶🙏🅶🙏🥰🅶🥰🅶🆃🥰🅶🅵🥰🆃🅶🥰🆈🅶🆃🥰🅵🆃🅲🆃🅵🅶🆈🅶🆃🅵🆃🆈🆃🅳🆁🆄🅹🅵🆃🆄🅵🆃🆄🅾🅶🅳🙏🥰😁🅳🆁🆁🥰🆃🅵🆄🆃🆃🅸🅵🆈🅸🅵🆃🆄🅵🅸🆃🆃🅸🆃🅵🆃🅵🅸🆃🅵🆈🅵🅸🆈🅵🆈🅵🆈🅸🅵🆈🅸🅵🅸🆈🆈🆈🅸🅶🆈🅶🆈🅶🆈🅸🆈🅸🅸🆈🆈🅸🅵 🥰🆈🅲🆄🆃🅲🆄🅵🅸🆈🅵,positive
good service,positive
Good but still need some management,positive
"everytime more packed with ads, I don't want to see sponsored posts, or ads, I just want to see updates about family and friends, as it started!",negative
badhiya,positive
Feedback Facebook disable: Dear Facebook team my personal account Facebook is not logged in please recover my Facebook account I' am very worried I didn't know Facebook policy now I will not make such a mistake give me a chance thankyou for your help.,positive
time waster,negative
Suuuuuper,positive
content monetization tools Facebook 🙏,positive
why now cannot add captions to the photos after posting.,negative
False notifications. Keeps citing someone tagged you. While someone just mentioned @everyone in a generic non related posted. This is inaccurate. Please fix this. Thanks,neutral
This app is very best for entertainment and you can also earn money from this app,positive
facebook sucks. need it for marketplace though. please release a marketplace app so I can bin this horrible app,negative
perfect,positive
You disable my account for what my account is almost 17yrs or more than i have more memories on my Facebook account,negative
too many ads!! literally can't finish a video without having it interrupted with Ads!,negative
veryy good app,positive
noted,positive
thanks for service,positive
basta nakakainis.,negative
i love it,positive
bu,positive
app download nahi horahai,negative
good thats hood,positive
i can't post taxt on story because the font type stuck on the screen plz help.,negative
"Facebook deserves more than five stars, which is very excellent",positive
"Meta is absolutely garbage and needs to stop pushing so much AI content and actually start working on a algorithm that shows you content from your friends and people you follow, if I wanted to see all the junk people post I'd have followed them News feed is full of everything you Don't wanna see and has nothing you actually want to see, groups are a complete mess the whole operation of the application has been destroyed with constantly ""introducing new features"" no one asked for",negative
very good app for timepass,positive
There is no freedom of expression,negative
Magandang,positive
social media all world 🌏 most favorite apps Facebook 😯,positive
good and nice,positive
"Made even more unusable with their pathetic attempt to punish users who opt out of personalised advertising with a childish ""ad pause"", making the idea of moving to another platform more inviting. If you've just signed up to FB, do yourself a favour and delete it now.",negative
is very good,positive
stupid 🙄 you permanent ban may acc almost 7yrs without violence against the rules I didn't do wrong the last time I did was chatting my nephew and this morning you send a message telling me I did wrong what's going on ? did you hit your brain and do all stupid games us?,negative
"useless app, I only got to use marketplace and it is less functional than using my laptop. I hope Meta goes bankrupt sooner rather than later.",negative
Okay Thanks.Thanks Facebook (Meta).,positive
inshallah,positive
m and Irfan,positive
why do you deasable my account I always follow your rules,negative
"I am very dissatisfied about this app, my page is always suspended in recommendations even if I didn't violate their guidelines.",negative
"When i open comment section of any post, whole app turns to landscape mode, even though i keep auto rotate off, still I have to hold the phone in potrait. I can't use facebook while laying in bed ?",negative
this app is very nice I'm satisfied with this app,positive
Too many ads and violent disturbing content.,negative
not found my app,positive
okay I need you,positive
thank you for stripping human rights lizard man,negative
Good by platform Azad Kumar,positive
Semir mago,negative
Facebook thru baloya christian assure availably fb page and active wallet size in my cellphone acctepbnusiness gcash and bank onstition remittance thru supermerand department fr paying por requestingntoall,positive
like this,positive
it is cool,positive
Good good good i love 💘,positive
headache,negative
he is Awesome,positive
meh. over it to be honest over rated,neutral
"wow,nice,joss",positive
"I have to be honest with you. So to be short with my comment, here is why I think Facebook is a great app. One when I started using apps on Playstore, I found dating apps, streams, social and well known brands. But they all had bugs, limited number of users, and they did not fix the bugs after my feedback and the feeds kept persistently showing content I do not like. However, unlike Facebook, there are many options the regular user has in order to customize his experience on Facebook.",positive
gooddd,positive
"Facebook has become a mess, and the dating service is completely rubbish. What should be a safe space for connections is now flooded with fake profiles and bots. Even worse, there is a massive amount of pornography and highly sexualized content appearing everywhere. It feels like moderation has totally given up, making the platform feel unprofessional and unsafe. Between the constant glitches and the gross spam, it’s a total waste of time. Avoid this until they actually clean it up.",negative
Management is very bad.,negative
you have enough time 😜,positive
mausam,positive
free fire ID not will be login in Facebook,negative
Sahi kaha sir aapane,positive
marnchakma,negative
user friendly,positive
ngitawuhamba mangfuma,neutral
আলহামদুলিল্লাহ ফেসবুকের মাধ্যমে আমরা সবকিছু সহজভাবে পেয়ে যাচ্ছি। আমি মনে করি প্রতিটি মানুষের জন্য ফেসবুক প্রোফাইল ও পেইজ থাকা উচিৎ। ফেসবুক দিয়ে পৃথিবীর সকল তথ্য জানতে পারি। আমার নিজের ও ফেসবুক একাউন্ট এবং পেইজ আছে,positive
"this is the best Facebook i have ever used, especially those who are running a Facebook page.",positive
love love loveeee,positive
life helpfully professional application,positive
"when watch the reel, a small reel always pop out",negative
this is a very good social media I love it,positive
thankyou Facebook my video my reels allowed for you plz i am vary poor man and my fameliy vary poor 😭😭😭 give me many & vairal account 😭😭🤲🤲,positive
কি আর বলবো ভাই আপনার এমন একটা সোশ্যাল প্ল্যাটফর্ম খুলে দিছেন পাবলিক বুঝিয়া ভিডিও করে না বুঝিয়ে ভিডিও করে কেউ আবার খারাপ ভিডিও করে কেউ আবার ভালো ভিডিও কেউ মানুষকে দেখানোর জন্য উপকার করে কেউ আমার মন থেকে করে,positive
not good sometimes in our area,positive
this apps amazing,positive
nice and lovely apk 🤓🤓,positive
"so worst😞, the menu option not working, and sometimes two reels play together with half displays",negative
the worst app of the world,negative
trying to see somebodys reels list but doesnt load,negative
I ABSOLUTELY ADORE FACEBOOK I LOVE FACEBOOK FACEBOOK HAS CHANGED MY LIFE FOR THE BETTER FACEBOOK GAVE ME HOPE IT EVEN HELPED ME TO CONNECT TO MANY OTHER FABULOUS PEOPLE & THINGS. FIVE STARZ YAY FB GOOO FB ♥️,positive
"My account was unethically suspended last March 17, 2026 for committing CSE which I haven't even committed and never will be. I tried to create a new account to revive my original account and even contacted Meta Agents, and yet all they did was to give me senseless advice. This platform is getting more sensitive when in reality lives have been ruined because of the senseless and baseless purge!",negative
thanks for ever,positive
stories keep playing on the reels its annoying,negative
he gets em right every time!,positive
"Meta disabled my account with a false claim with no evidence of the claim, a claim that I had reported on another account with real evidence, yet that account never got suspended or disabled.",negative
iloveit so much,positive
thanks fb,positive
very very interesting pardes video,positive
hai I am usesing Facebook now thank you,positive
it sucks u limit ur,positive
Easy to access,positive
like and Facebook apps me like,positive
why does this stupid app takes so much space!!!,negative
Vry good,negative
bste app,positive
"Hello Facebook team... Suddenly my Facebook ID got logged out. I couldn't log in even after trying a lot. It used to be easy to log in before, but now it's not easy to log in either. Please Facebook team, restore my Facebook ID.",positive
New update sucks. Difficult to navigate and I can no longer pin a playable song to my profile. Facebook gets worse every update.,negative
"I'm very disappointed with this app. Whatever it is that they have ""done "" to make it better, only made it worse! Facebook ain't what it used to be anymore. EDIT 4/9/2026: Facebook is consuming a RIDICULOUS amount of data on my phone, and the amount of ads are ridiculous! this app is carrying on like a scammer desperate for a dollar; meanwhile poor people who use the app are being asked to spend money for services that they are not even benefiting from... it's just plain tacky... do better.",negative
confusing,negative
no comment ryt now😊,neutral
So cool,positive
Internet is the Coolest invention very useful,positive
Golu,negative
Cupcake!,positive
still the best social media app,positive
Facebook issues,positive
so far so good,positive
"Facebook used to be great, but since their new update, they have started suspending our accounts. Millions of people used to benefit from Facebook Marketplace, but now they don't know why they suspend this marketplace.Thousands, if not millions, of people work here. They earn money from here and feed their children. They should reconsider Facebook's policies.",negative
family is number one alive just always remember that people,positive
Nice 🙂 app to waste your time,positive
Meta just got disabled or suspended my account. Meta said that i should set my birthday and the year i was born then after i set it. I can't open my acc anymore. They suspended or disabled my account without any clear reason or even send me a warning in my email.,negative
"I only see the same people out of all my friends, it never updates the news feed and I end up always seeing old posts over and over, and don't get me started about the massive amount of ads.",negative
That's wonderful indeed .,positive
100%secue security,positive
This app sucks.... meta sucks.... they've locked my account since the 4th of April and refuse to unlock it after emailing them twice still no reply..... reciving OTPs from WhatsApp from Google authenticator from Gmail still nothing honestly dono what to do anymore,negative
👊👊,positive
very satisfied,positive
ফেইসবুক খুব ভালো একটি বিনোদনের জায়গা,positive
Great and lovely,positive
"forced AI and invasive on my device by installing software and malware to stay put on my device,thru nefarious way and leftover files.",negative
this Facebook app is very useful & entertain app than all social media,positive
good aPPLICATIONS,positive
awesome.,positive
👍👍👍👍👍🎉5M 5 million follower chahie mujhe,positive
fun way to stay connected to those who matter!,positive
Thanks for always reminding me of my throwback,positive
this is best app to login the game,positive
beter than other app,positive
Jai bole,positive
tnx to meta team,positive
"I give the Facebook app 5 stars because I can scroll through the Homepage, search for a person, watch Reels.",positive
bad midia,negative
"i thought I had lost my account of almost 5000 followers, I am so happy right now. thank you so much Facebook.",positive
Isaac Nkuna very nice,positive
I love this app know one like to compare every fantastic and special more fun I only love Facebook more.,positive
super best,positive
Ganda nya gamitin,positive
"they suspend my profile that was link with my business page, business manager, ads manager. now our entire business is now disrupted. we are ready to provide any required verification or documents . restore my account",negative
third class app,negative
😘😘,positive
one of the best appp,positive
it's great I love it,positive
very nice aur frnd ban skte h plz notivon ban skta h,positive
I like it...... 👀 👈,positive
is the best app,positive
it is good,neutral
nicely,positive
normal vidiyo dala karo. sari gandi aati hai rial fild me,negative
loads of ads anyone know how to turn reels off so annoying,negative
LOVE YOU🥀🥀❤️,positive
yes good,positive
nich app,positive
Very 👍,positive
fb Is the good,neutral
"unbliveble, 🥰😎",positive
calling to money,positive
very good social media app to keep up with others very awesome .,positive
"This app really does everything to get people addicted. They turn video player into reels player to bait people into doomscrolling. They put the reels section on the third post in your news feed even when i choose to hide them for many times. They do research about human habit to put all the addiction traps around, but they still blame for people uncontrolled behavior.",negative
I done mine. it's 👌,positive
"this apps is so cruel,my account was disabled for no reason my account was disabled there's so many memories please Facebook give me a chance to open my Facebook account again",negative
Nice and Affordable,positive
love this app 💯,positive
"ABSOLUTELY TRASH: I can't use this for more than 5 mins (with updates turned off), before it kicks me out and I'm forced to wait while it says ""Facebook is being updated. Try again later."" OBNOXIOUS!!!",negative
best app hai,positive
wlaa lngg maganda e,positive
want more update❤️❤️❤️,positive
အိုခေ,negative
gratitude,positive
Best Prectice,positive
🤌,negative
"Facebook Pushing Sexual Content – Please Investigate Report: I am writing this report because Facebook has become just as bad as Instagram when it comes to pushing sexual content. I never asked for this, but the algorithm keeps showing me inappropriate videos and images anyway. I use Facebook to stay connected with family and friends, follow news, and watch normal, harmless videos. But now, my feed and the Reels",negative
can't send friend request please salvo it,negative
Thanks you,positive
can't show bangla first line,positive
❤️❤️❤️,positive
my Facebook account in side available ads showing but it's disturbing pls remove adds & bad sound pls,positive
kono kichu information ar jonno good 👍,positive
less adds,negative
this is a very funny joke with a great punch line. good and clean,positive
so cute 🥰,positive
It is nice,positive
fuddu app facebook,negative
ចូលចិត្ដ,positive
The worst app for buying stuff. It won't let me on marketplace after I've had for 2 years now.,negative
slow work,negative
Nice 💯🚩🏴‍☠️,positive
good wark,positive
this is best app in the world,positive
"nearly all monetized with adverts, AI, fake people, fake posts, fake everything. Trust no-one unless you know them personally or they are in you area. On marketplace, cash in hand or confirmed direct bank transfers & don't forget to ask for ID and a receipt",negative
it is very good,positive
"just gotta let the algorithm do it's thing, which is why you gotta use them thumbs ups and downs",neutral
All my accounts were disabled. You have a switch account feature but prohibiting us to make extra accounts. Uninstalled. Currently using telegram.,negative
"speechless five star! Just don't restrict my acct. please. Through facebook I can easily contact my nail clients, future clients, and easy to connect my love ones.",positive
it's simple to stay connected with friends 🧡,positive
"I love this app so much the features, every thing about it it's so nice 👍",positive
"always buggy on my sony 1 iii, notification panel always gets bugged and sometimes when i open a reel. it starts to play someone's story on top of it",negative
Truly overall story tv is a great application for short quick and enjoyable entertainment every day and it feels very engaging.⭐,positive
"Maybe FB can add what Discord has.. GIF cover photo/background photo or GIF cam be used for gamers like me/us.. Thanks FB, your Social and messaging app has been used by all ages/generations, please keep on making sure that younger users are safe from adult contents/predators :}",positive
good 👍😊 but plz reduce data usage for 4g users,positive
बहुत बढ़िया👏✊👍,positive
nice 👍👍👍👍👍👍👍,positive
bad cause I have girlfriend 🤣🤣,positive
intelligent,positive
"this app is trash full of con artist and scammers it's filled with questionable advertisements for hookups with young underage girls and I don't feel that information on this app is safe, not to mention the fact that every time I get on the app it boots me out and reopens repetitively and I feel it's a slap in the face that it does not shut down accounts that have been inactive for multiple years, the meta accounts unreliable risky and dangerous and the admin slack on there jobs & do not manage.",negative
news and amzing things or social commincation,positive
All I'm gonna say is this app is amazing!! you should all download it!! it helped me get my friends acc ban🥰 thank you so much FB!! and for everyone I recommend this app to you all!! this is literally a 1000/1000!!🥰 download it now!!🥰 I promise you'll you won't regret downloading it🥰,positive
Abe kaisa aap banaye ho be ladkiya request accept he nhi karti agar accept karti hai to reply nhi deti. single marne ka irada hai kya😡😠,negative
Dumbest community guidelines bot which will simply slap users with penalties without actually examining context. Any appeals is about as useful as trying to pee into a coke bottle. Claims to be a human reviewer but very obviously another bot.,negative
i think this is wonderful Facebook,positive
"I'm currently being suppressed because I stated facts..and you don't ""like the facts."" Then you ask me to be an UNPAID contributor to community notes?! get bent",negative
♥️♥️♥️♥️♥️♥️♥️♥️,positive
they banned my acc for no reason,negative
all good,positive
fix your bug or glitch i cant use my account because of your false accusations,negative
Great i want to follow.,positive
উঃ এ িঁঅই পথ চচ ণংও,negative
"chill environment, perfect for relaxation",positive
this was great,positive
Very slow to download,negative
looking good,positive
"Info is to easy to get now, why must you make it easier for them!",negative
vip king👑,positive
My Facebook needs to be up for review.,positive
am excited to,positive
old apps but good quality apps that can use for all generations👍🏻,positive
🥰🥰👌👌✅✅👍👍👏👏♥️🤗🤗💙,positive
it's fast and easy to use,positive
DELIGHTFUL.,positive
it's amazing,neutral
Good app for spending leasure moments,positive
انه من افضل التطبيقات في عالم التواصل الاجتماعي,positive
app good 💯,positive
join beta program,positive
very good.,positive
Why I didn't get notifications that theres a comments to my posts?? SAME ISSUE,negative
I find it very challenging now as Al has taken over which has killed most of things on there best thing to go back little,neutral
"Hey! I want to change my expired number but I can't, I was told to use my old number for verification! Everywhere I looked for an answer but there wasn't one! Hurry up and get over the meta!",negative
nice 💯💯💯🙂🙂🙂,positive
I like most of the things on here.,positive
নাইছ,neutral
Very informative updated and entertainment app,positive
suweet,positive
jhakas,positive
it's glitching the menu keeps opening it and I'm not even touching the screen,neutral
I would make my device info private but I would like to leave my my Facebook account public,positive
very nice 🙂,positive
no reel option only full video option,positive
hard to place photos where you want them. where's ads placement.,neutral
Amazing App,positive
Why can't my Facebook apps open??,positive
"I'm 47 year old, banned for age violation???? Awful experience because I'm using Facebook to work. No manner of send my id to check.",negative
Nice Facebook 🤔🤔🤔👍👍👍,positive
very good 😊😊😊👌 you,positive
boring app,negative
My 28 years old facebook account was disabled by mistake. I still can't recover it.,negative
"What a shameful act. I reported several ads and Facebook closed my reels, comment section and posts. Shame on you Facebook Ads.",negative
"it randomly refreshes and you lose whatever you were watching or interested in, every person I know that uses Facebook has this problem daily and they've never fixed it... Then the censoring... I see videos of death or cartel activities that when I report them, all I get is ""we couldn't find anything that goes against our community standards"" So I can watch people die, but I can't watch Billy call Bobby stupid or fat without getting his comments censored🤦🥀🫠 what a world we live in...😮‍💨",negative
One of the best app on my phone,positive
disappointed,positive
why are you keep on suspending my account?? what did I ever do wrong??,negative
fb is so qood with quality.speed an new updates🔥🔥✊🏼,positive
don't disturb,negative
good video,positive
best ap,positive
nothing that I think.i like this app,positive
"too many inappropriate ads and pages. the dating section doesn't work half the time, mine even just got reset. pages and channels I do care about never show up on my page and it's too difficult to find them since there are so many scam pages that look like official pages.",negative
Way this app can not pstety in my device,positive
it’s so Funny,positive
its a pain,negative
love it you can share on it,positive
please support my Facebook I'd hacking hogai he so please help me,positive
Invasive and toxic app,negative
thank you for the kindness 😇 God bless ❤️,positive
its to good 👍,positive
lit,positive
Iko vizuli,positive
Nice app because its very useful especially for communicating someone you know✌️😁,positive
I love this,positive
fb vs freefire😆 i just play in free fire used by fb,negative
"Worst, my account got suspended for no reason. now I need so many things to catch up especially that I use this account for school, organizations and for business. this is the most absurd app ever. it starts to become useless at all forms. they must fix their system and treat all users equally. this is getting frustrated at all forms and in all ways.",negative
It's very satisfactory,positive
amo fb,positive
its really good,positive
"Great for keeping in touch with family, relatives, and old friends Events, birthdays, and groups make social coordination easy. Facebook is a popular social media platform for staying connected with friends, family, and communities. It offers features like posts, groups, marketplace, and messaging all in one app.",positive
what a app very good 😊,positive
abdusamad Abmacca Abfogi 💵,neutral
you can make friends here just don't make enemies,positive
Use good so like,positive
bhut accha,positive
Miss old bridge.,positive
"you have some problems with your app. short 20 second videos load slow, but my internet is fast........ what are you doing after so many years? it's 2026",negative
شكرا,positive
restore my account🤬,negative
hello Facebook please give me content monetization tool..,positive
LOVE U ALL....😏😏😏,negative
it’s a good medie fore in socile,neutral
Superb Paletform Aplication i so happy to use and Create,positive
Excellent app,negative
Nice face book,positive
cooool,positive
sucks,negative
batter for independent,positive
amazing!,positive
Find my frainds,positive
বিউটিফুল সফটওয়্যার,negative
When i try undisabled my account the review was success but then the reciew was not success i followed the policies,negative
newd little improvement on my one plus 15 phone reels not on whole screen screen from the top is empty cant see bottom left buttons,neutral
"Request for content monetization tool Dear Facebook Team, I create and upload 100% original content regularly on my page. My videos are educational, informative, and valuable for my audience. I strictly follow all Community Standards and Monetization Policies — no reused, harmful, or spam content. I request you to kindly review my page again and enable monetization, so I can continue providing high-quality content for my community. Best regards, [sarmad khan] [sarmad khan skills1 ]",positive
They're trying to improve,negative
Thanks for your help,neutral
Nice🤩🤩🤩🤩,positive
I love it...,positive
nice app👑🍀,positive
It's cool I guess 😌.,positive
love them,positive
doesn't open insta comments,positive
ដោតឡូតមិនបាន,positive
"I hate facebook. They have allowed scammers on here and do nothing about it. It's called social media. It's not a sales app. Plus, I dont see posts from friends and family anymore, just random people and pages.",negative
facebook.keyafru.mog ratethisapp .,positive
it's nice,positive
"after using it for more than 15 years my account in your app is becoming worse on every phone device. The account is working fine when I am using it on laptop/windows. But on the phone, I can't view anyone's story, neither can I search anyone, my timeline is also stuck and is not refreshing new updates and it's becoming such a hell. I have reported it multiple times but no use. FRUSTRATING!",negative
Facebook reconnects and keep you in contact with beloved ones you would otherwise lose over distance and time. I just can't imagine how else I could have been in contact with my schoolmates of over 20 years ago save for Facebook,positive
बहुत सुंदर लग,negative
"In 2026: Giant distraction machine designed to show you a maximum amount of advertising and other postings that the AI engine and algorithm ""thinks"" you ""want to see"". I miss the old days when you only(!) were shown the content of those personal contacts (and interest groups) that you manually added to your following list, like real friends and family members, period. And nothing else, for sure not the current entertainment machine eating up your time. It's time for a linux version of Facebook.",negative
very nice g,positive
I would rate it lower because everytime I download Facebook they link my account with a hacked email account. I tried to remove the account but Facebook wouldn't let me. So I removed Facebook.,negative
cool to look up all of your friends,positive
love it 😍,positive
"One Word ...""Awesome""!!!",positive
Facebook Good app,positive
one third of feed now ads making ap unusable.. I also warned them that the gaming ads can induce seizures and I had already had listed as uninterested. message and install now buttons are flashing. Another physically harmful can induce seizures or migraines.,negative
there's always an issue when I watch reels as it is always on crop mode. Please fix this issue,negative
"Is it possible to turn off all Facebook shorts Very rarely is there anything I want to see and a lot of these stories have a gross image to grab my attention and it will sit there until I click on it to show it as ""watched"". I kind of hate that feature edit: AI is both useful, scary, and dangerous. I have been adamant to my family and friends never to add my pictures to an AI because everything fed into it is training days but I recently saw Meta AI using my images. EVIL - to do without permis",negative
simple,positive
Facebook is a good app YouNow all World News wahi ching Aweri ting,positive
love it keeps me connected to my family,positive
no.1 absolutely FACEBOOK,positive
very nice 👌 👍 👏 😀,positive
great space,positive
genial,positive
very good this appp,positive
"I don't know why lots of people still stay here. This always suspending my account saying I did not follow account integrity even though all I did is watch reels, and communicate with my friends online. This freaking meta facebook did nothing to solve cyber bullying issues yet have time to disabled people's account without any reason.",negative
"Show ""all comments"" without people having to switch the filter on every single post!",negative
"Dear Facebook Team, my account (Ähir Prashant yadav) has been deactivated. I believe this is a mistake as I have always followed all community guidelines and terms of service.1request you to please review my account and reactivate it as soon as possible.Thank you for your time and assistance.'",positive
AMAZING,positive
thank you facebook and facebook family members for your support,positive
"Facebook is nice, what you look for is what gets recommended for you, their algorithm is good and doesn't mix up things.",positive
very nice 👍,positive
it good,positive
sexy message app,positive
fr ki,positive
facebook e,positive
always logout,negative
GOAT 🐐,positive
"won't let me post in market place, cause I posted the same item on another app, it completely messed everything I had planned for today",negative
Mashallah g well come pakistan,positive
very poor experience too many time I see that session expired 😔😔 very poor experience,negative
excellent App,positive
Good 💯💯💯💯,positive
✨🌟⭐,positive
❤️‍🩹❤️‍🩹❤️‍🩹,positive
thank you for your followers of,positive
can't delete the app from the phone. I feel like I'm being spied on.,negative
"Facebook is still a great app for staying connected with friends and family. I enjoy being able to see updates, share posts, and join groups with similar interests. There’s always something new to explore, whether it’s videos, events, or marketplace listings. While it can feel a bit crowded at times, it’s still one of the best ways to stay social online and keep up with people.",positive
Facebook home page,positive
Facebook give us power to dominate,positive
that meta ai translation sucks big ones,negative
Hey Team Facebook ✅ My facebook account was disabled last week and i tried to restore my account but failed. I am facing this problem. I assure you i have not violated any policy of Facebook and this is my personal Account and run page and paid many ads and i am facing very problems now a days. So please consider my request and restore my facebook account as soon as possible My Facebook ID is 👇 Khana khana  Page name khanacentermrd Thanks with Regards,negative
Eeeeeeee it's a Ball game nothing more Bos Love,positive
awful not too good,negative
hahah mack nahhh werey he just dey chop my account any how nhiiiii,positive
i love the app,positive
it's very nice and easy to use,positive
Beautiful. Peaceful. Yummy. Fantastic!,positive
"শিয়ালে ৷৷,,,,, m...,,,,,৯একসাথে অনেকগুলো ডিলিট বা পিন করতে অথবা ইচ্ছানুযায়ী নতুন ক্লিপ যোগ করতে ""Manage"" বাটনে চাপুনএকসাথে অনেকগুলো ডিলিট বা পিন করতে অথবা ইচ্ছানুযায়ী নতুন ক্লিপ যোগ করতে ""Manage"" বাটনে চাপুন",positive
🥰🥰👀😍,positive
gud reels,positive
nice 👍🏼,positive
goooooood,positive
thanks for your Facebook and meta,positive
best aap 😀,positive
disable accounts for no reason,negative
"Hi Facebook, I love this app but can you help me recover my 2 accounts that has been banned at the same time few months ago, I can't appeal again because it's one time. Is there any other way to get it back if possible because it's really important. I hope you find this as a problem, I'll wait for your response.❤️",positive
The best social media app for connecting with family and friends,positive
All true of course,positive
Facebook is True post all of world news this is fantastic app,positive
Facebook is the best app,positive
"My application keeps getting error page ""saying something went wrong, please try again"". I tried to uninstall it and then install it again. Still doesn't work. My connection is fine. Any suggestion to help this problem?",negative
thank you you help me to download app,neutral
👍 Good,positive
it's a Great app I really enjoy,positive
"I'm putting it now a one star for this application cause on what you did to my account you suspended it even though I'm not doing anything to it, and also without a information about if I can put a negative to this rating I will do it",negative
Request for Review_ my Facebook Account Disbled mistake,positive
"Facebook suspended my account on suspicions of using multiple aliases that are not my real name. I've done this for years, and nothing anywhere says that I violated community guidelines. There is no chance for an appeal, as my video selfie verification has not been received, and I'm instead sent to a loading screen. Hope you scumbags at Meta are happy!",negative
bahut achcha lagta hai I love Facebook ❤️❤️❤️,positive
"Facebook ai is stupid, suspended my account for no reasons, provided my identity verification documents but still they suspend account. many people complain about this but they are stupid",negative
Unstable app that's full of garbage. The only reason to keep it is for the marketplace. Besides that it's total trash.,negative
awesome apps,positive
"Could be good for sharing pictures with friends and family, but mostly a toxic place. Do not recommend",negative
too many ads every minute of any video when i watch reels.. 😑,negative
Abdurrob,positive
I cannot change my profile:(,positive
better than the tiktok,positive
আমার ভিউজ হচ্ছে না,positive
all we see is adverts adverts adverts....facebook is dead,negative
it keeps saying to add a friend for my child on messenger kids I need to update even when I do there is a glitch and keeps taking me to update page. so annoying.,negative
nice pic of you yarr and your lovely 🤩🤩🤩🤩 God bless me,positive
एलवी बाय सीटी& क्यू की बीटी फ्री,positive
The best social media but it need vpn in myanmar,positive
Please my. Account recovery help,positive
"Unusable trash. Half (no joke) of the marketplace listings are just ads and no matter how you put your settings you'll be shown items potentially hundreds of miles away. Oh, what's that? You want to message someone about a listing? Better go install this second app. Want to browse on a proper web client? Nope, app only. Walled garden trash.",negative
"Please Facebook Team App make my account unable, it was not my fault, my account has been closed without any mistake.",positive
it's really helpful in communication... saving a memory...,positive
doing those two stars because no one has privacy on this app I couldn't delete my account on here something is wrong with your app,negative
"Such lovely venue, amazing display",positive
Best community app....,positive
Happy,positive
शानदार,positive
vbb th bhut hai tr,positive
Having connections with friends and family.,positive
Easy to use,positive
worst app,negative
Anyway I hope Facebook Management increase the security level,neutral
needs lots of work,negative
Ridiculous bloatware. How on earth is this app over 2GB? Games aren't even that large.,negative
]এó,positive
champions of game 🎮,positive
I don't like this.,negative
Always some new problem. It's hardly with it anymore.,negative
"Okay it's fine, for now.",positive
very good service,positive
it blocks me from liking things for no reason. so I assume things they don't want to get a lot of likes are capped at some point and can't get anymore.,negative
Valo you,positive
عالی,positive
🤗,positive
super duper,positive
lots of ads,negative
Facebook is a wonderful experience. Has been a pleasure to use these many years.,positive
very nice and data friendly,positive
😌😌😌,positive
"When you open facebook to watch videos or reels the ads keep showing up and cannot be skipped, it is better to watch on YouTube rather than this application.",negative
amazing app period 👌,positive
Okay 👍,positive
so much for privacy!,negative
Boboneverlack,positive
collection of your biometric data location phone number what you post and share and ai beware,negative
Good to use.,positive
awesome app,positive
Facebook iko sawa,positive
nice 👍👍👍👍🙂,positive
my Facebook account always get disabled,negative
i tried to delete this app because I don't want it unfortunately I can't I don't use Facebook because it's complicated,negative
"reels have been broken for a while now, everytime I scroll videos now it automatically clicks on an ad and opens it up, half the time there isn't even an ad there it just opens. then it gets locked to double speed playback and I can't scroll anymore, I restart the app and it happens again. it reminds me of the early internet when websites would make it seems like people were clicking on ads but they weren't so they could scam the advertisers, didn't think Facebook would sync so low.",negative
this app is amazing 😍,positive
all I get on my home page is ads and groups im not apart off.,negative
It's a wonderful app 👍👍,neutral
i like it 💔,positive
it's good to use this Facebook,positive
five star ka saakin,positive
very bad aap,negative
"Year 3. still buggy, doesn't work well on foldables. Background music is always paused when opening the switching to the Facebook",negative
wow 😯😯😯😯,positive
like so so,neutral
Outstanding Love it!!!,positive
been good,positive
Facebook is great app,positive
"Bad experience..alot of ads pop up..I try not to use it as much..hackers and scams, viruses..need plenty securities up there..ads pop ups",neutral
hello friends 🧡,positive
pretty good,positive
she is Best,positive
I found some issues when I saw videos on Facebook.,negative
super fine and I recommend it 💯..I like it,positive
I usually use Face lite but I'm starting to think this is better,positive
🥰🥰🥰🥰,positive
Video yani reels bohot kat kat ky chalti hai,negative
good of all,positive
Awesome,positive
I really like Facebook because I can connect with people I care about,positive
Blow me!,negative
I have so many isse. your copyright tool is not working properly. when your copyright tool I use in my content it will tell me my content is clear but you few hour ago restrict my content. I use your video which you give in fb for add in content but you also restrict it. also when I see my content is some issue when I go to delete it but you don't give any option to delete. it's not fare. when you other contry you give cretor 1 ya 2$ in 1k view but you have fare in Indian creators. resolve this.,negative
thank u my dear Facebook family,positive
👍👍👍👍 nice,positive
layout is whack,negative
free money,positive
الفيديوهات مفيهاش صوت خالص مهما اعلي فيها مش شغال صوتها و حدثت كذا مره ومسحت الابلكييشن و نزلته تاني ونس المشكله,negative
😄,positive
facebook is best app,positive
much macho El stupidity,positive
"hh .,৷ । চ৬৷ গ। গ। য়ু%. &৭ :রব ক জ",positive
Smart,positive
nice 👍 good 💯,positive
good one,positive
"I don't like how ""Send A Gift"" is often blocking text and image on the screen - i have zero interest in sending gifts",neutral
I will be filing a lawsuit against you for violating my freedom of speech of conversation violating my privacy constantly restricting my account harassing me,negative
"wow,❤️",positive
Everything done in Excellence!!! 💝,positive
❣️,positive
Very satisfying,positive
bad at hell,negative
"""ফেসবুক ব্যবহার করে বন্ধুদের সাথে যোগাযোগ রাখা এখন অনেক সহজ। এর ইন্টারফেস খুব ইউজার-ফ্রেন্ডলি এবং নতুন ফিচারগুলো বেশ চমৎকার। নিয়মিত আপডেটের মাধ্যমে এটি আরও উন্নত হচ্ছে, যা ব্যবহার করতে খুব ভালো লাগে। সব মিলিয়ে দারুণ অভিজ্ঞতা, আমি এটি ব্যবহার করতে খুব পছন্দ করি!""",positive
I'm glad to use this apps for staying connected with my friends and family's..♥️♥️,positive
verry nice,positive
Mast Hai 🤑🤑,positive
"২৫,মে ২০২১ এ আমার ফেসবুক Disabled হয়ে গেছে।আর ২৫ শে জুন সম্পূর্ণ রূপে বন্ধ হয়ে যাবে।গত ৬ বছর ধরে আমি এই Account টা ব্যাবহার করেছি,কত পুরোনো ফেসবুক ছিল আমার।নভেম্বর,২০১৫ তে খোলা এই Account টা।এর থেকে খারাপ আর কিচ্ছু হতে পারে না,শত শত Appeal-Report করেও ফেরাতে পারলাম না নিজের Facebook টা।এত খারাপ যেন আমার পরম শএুর সাথেও যেন না হয়।মানসিক রোগ,মানসিক ভারসাম্য হারিয়ে ফেলেছি আমি।এত কষ্ট সহ্য করতে পারছি না।এত পুরোনো,আমার সাধের Facebook 6 বছরের পুরোনো Account চলে যাওয়ার জন্য।এ জীবনে যা শিক্ষা পেলাম,ছি!",negative
I had a great experience as it was just like really good and better your feelings to talk with with another person and free your mind nothing bad of this app.,positive
6 hu hum,negative
good. I'm so happy,positive
spyware,negative
Md Arif hi Facebook member hame bahut achcha Laga aapke support milane per,positive
Great 👍👍,positive
😋,positive
best app,positive
"awesome,and educative",positive
love you app,positive
Lover Facebook,positive
great for catching up,positive
আমাকে ঢুকাচছে না,negative
Hacking my phone every day. Ignoring my reports and my blocks. Denying access to comment where I should have access to comment. More likely we leave this social media platform as it is censoring my choices. 🤔😔,negative
"It's a good app. It's easy to contact someone. Its quality is good. However, one of my IDs has just been destroyed. I don't know why.",positive
Best social app 😊,positive
Super app best 👍,positive
"Hello Facebook Team, My account “San Vicheka” was disabled on April 10, 2026. Now I cannot find my account using email, phone number, or search. I believe my account may have been hacked or disabled by mistake. Please help me recover my account. I am ready to provide my ID for verification. Thank you.",negative
"You've been suspending my account for no reason, then when I try to appeal it's not doing anything. Pls, fix it, it's such a big hassle.",negative
Okey,positive
loved it,positive
This platform is very useful,positive
"Facebook Monetize Kaise kare ?| Content Monetization Tools | Facebook Monetization 2025 es video me apko pata chalega ke facebook content monetization tool kaise hasil karen or facebook se kis tarhan paise kamaye or apki 6 mistakes bi bata di gai he es video me so lazmi un mistakes se avoid karen.. Facebook Appeal⬇️ Dear Facebook Team, I create and upload 100% original content regularly on my page. My videos are educational, informative, and valuable for my audience. I strictly follow all Co",neutral
"I watch,and it's really really fun..",positive
how to download videos,positive
nice👍,positive
new new video and vlogs funny videos,positive
relly love that,positive
face book reels lag,negative
very helpful 🙂,positive
Top Tier,positive
"Dear sir/ Ma'am I want to tell you That when I like in other's post it could be dislike please set my Facebook account please please please help me right now . help me right now comment section are you lying? Enough my sense. For The long period of time, please pleas please .. and now the videos are not going in groups please answer me. Please answer me and open it now if I upload a video so it say that scanning copyright reform this now. Regards Shobha Pant.............",positive
This is because the reply button does not work when entering the comment manager or when replying to someone through the comment manager.This problem has been going on for about five to six months.,negative
optimize,positive
good for communication,positive
"only problem is, it drains the battery",positive
"Even though Facebook is a good social community i do find some problems like safety, any child can watch inappropriate things such as gender abuse and those n@ked videos thats the problem",negative
Love,positive
best therapy centre,positive
it is so good 😊👍,positive
a true link,positive
love you facebook,positive
Realmex1901 kids bad,positive
good work 👍🏿👍🏿👍🏿👏🏿👏🏿👏🏿,positive
hello facebook mere se facebook me galti se birthday date galat ho gayi thi isliye mera account disable ho gaya he please mere account aapas dedo ab fir se nhi karunga galti please me aapke per padta hu please 🙏🏻 😢 🙏🏻❤️‍🩹💔,positive
"too many commercials, to little of the original reason: to be able to stay in touch with friends and acquaintances",negative
it's mid,neutral
"Dear Facebook team,you have disabled my account for no reason ,I use Facebook fairly but why you disabled my account , I am just trying to update my real date of birth. Why your system is to ugly? They disabled my account for no reason!I request you that please fix my problem as soon as possible. My problem was not fixed yet.",negative
አሐሠረጠነ,negative
I'm facing problems with my account on Facebook.. and I don't know what they are requesting if anyone knows the problem please help,negative
"Thank You, I Love You ❤️",positive
why I could not send message on my Facebook,positive
Thank You for all you do 😎,positive
"Facebook is made up of lies and scams! the only thing that it is good for, is communicating with your friends.",negative
won't open messenger,negative
"facebook is a worth app for your information because this app is a very harmful of your life, facebook means no privacy, facebook is primary scam app Facebook like a scam app What did opportunity in this app only scam yes this app means only scam this is scam app , I loadly speak this app is a scam app scam scam scam scam scam scam scam scam scam scam scam i khonw that kitna v bol le ye sab kam nhi hoga par scam hota h is Facebook pe nhi to apna sara information facebook kese pta kr leta h ki",negative
I don't feel safe here. My account has been disabled for no apparent reason and on random day.,negative
ads have spam and if you use this app it may give you malware,negative
²0⁰,positive
thank you so much 😘😘,positive
"bad for your health and posture, better off learning a skill",negative
"I'm kinda confused. Please help me. I made an appeal of my account just few days ago. It's been months since my account won't open and recently I decided to seek help from my sister but nothing worked, I followed all the instructions but then came where it wants to confirm my identity so it asked about any ID's I have, so I gave my student school ID but it said that they can't identify it still. Please take a closer look for this issue, that account of mine contains a lot of important info.",neutral
too good app,positive
best virtuals,positive
these very good and nice,negative
best thinking,positive
issue in download,negative
🌝,positive
pathetic easily hackable,positive
it sux,negative
"Why does sometimes Facebook automatically answer questions we are learning but sometimes not? May it always show the answer after a click? Happy with the options of interested and not interested. Facebook forces us to choose sensitive content, default or show less, only the two options without never want to see. It will be much better to set a button to fill in the reasons for friend requests and also unlock the senders' profiles so we don't mistakenly accept unnecessary or scam requests.",negative
tim pass,positive
This app is terrible.The cybersecurity is inefficient and there's a lot of suspicious malware on this particular app.I do not recommend this app at all,negative
bhut achha hai Facebook Instagram se bhi achha hai Facebook,positive
very bad app management,negative
👌👌,positive
didn't open messages 😕,positive
nice app 🙂🙂🙂,positive
THIS IS ONE OF THE GREATEST things ive ever read. When I can understand perfectly something I've read ..... I'm impressed. nicely explained and TRUTHFULLY more than anything.,positive
"Facebook ialah aplikasi media sosial yang sangat popular yang membantu saya kekal berhubung dengan rakan, keluarga dan komuniti. Saya suka bagaimana saya boleh berkongsi siaran, foto dan video dengan mudah, dan juga sentiasa dikemas kini dengan berita dan acara. Aplikasi ini mesra pengguna dan mempunyai banyak ciri berguna seperti Messenger, kumpulan dan marketplace. Secara keseluruhan, ia merupakan aplikasi yang hebat untuk komunikasi dan rangkaian sosial.⭐⭐⭐⭐⭐",positive
Excellent Work.,positive
amazing app,positive
constantly have to close because random facebook video audio will begin playing when scrolling ( not clicked videos or videos im passing either) I can completely leave the facebook app and the audio from the video will continue until I go into the settings in my phone and force stop the app!,negative
Super Good,positive
very nice app ak dam mast ya app,positive
Facebook is great but solving issues are very difficult. I get very frustrated because my issues are not fixed,positive
🫶🏻,positive
"original! heart warming! true to life! fun and funny! positive, very positive! tell us another story!",positive
best regards,positive
disabled my account without any chance to appeal.,negative
Good communication tools 🔥,positive
what did you expect for free.,positive
ဖြိုး,negative
good experience with Facebook,positive
Selfie 🤳 Pictures Of Donna Melkodonna,positive
Cannot read the rest of the story,negative
meta is trash stalks your up even with vpn,negative
good mently relax,negative
seems to work well,positive
this app is okay to I'm wondering why I can't use market place I don't know if I have violations,negative
"I only use it to keep up with old friends. Only it barely shows ANY friends. Just ads and group pages. Now, every few months I have to uninstall due to the slow elevator music playing EVERY single time I open the app. YES, ALL SETTINGS FOR VIDEO PLAYBACK ARE OFF.",negative
Love the wig spa and Cass is the sweetest. Cass has so many beautiful wigs and the prices are so good for the quality her wigs are stunning with soany beautiful options. I can't stop buying them lol. I have no need to order from anywhere else. Thanks Cass for all your hard work and love you put in it and the confidence that you give back to women,positive
قوه,positive
better experience since 15 year,positive
"Reels tab cannot be removed from the tabs bar now, despite it not even being pinned. Opening the facebook app is stopping all videos that are playing in pop-out windows above the app. Why bother altering how the pinned tabs work if you aren't actually going to give people the freedom to pin and unpin them as they want? Terrible decisions being made by these developers.",negative
App is Awe but sometimes u got restricted for something u think is not even Harmful my profile has been restricted close to 6 months now,positive
trash at monitoring people who make the community trash.,negative
vary good 😊,positive
Jewish app,negative
"takes to much data, hard to find your comments. function to edit music feels like 1998",negative
app is not responsive for S25 ultra. lot of footer menu bar go.below the bezel. too cluttered too.,negative
"no way to turn off reels button, have no idea where the suggestion videos are coming from, suggestions are garbage",negative
i ithing this honored for me my profile publicly shine,positive
Such a good app.,positive
The reason I got a Facebook account years ago was to follow my favorite bands in my feed. Now all I see are posts from people I don't know and a bunch of ads. Sometimes I see posts from family and friends but it's mostly ads and posts from people I don't know. What's the purpose of having Facebook if it's not what it used to be anymore.,negative
marvelous,positive
great 👍,positive
vry good,positive
Good and Like.,positive
Good aap,positive
horrible to be on Facebook I was dating a criminal that I found on the dating Facebook,negative
the most ignorant app my acc always got locked.nd bnned,negative
facebook monetization,positive
Weimy lovers groups too much awesomeness,positive
👍,positive
nice to see,positive
▪︎Bring back the ability to search for public posts on Facebook! ▪︎Add a new feature to lock comments so no one can reply. ▪︎Add 'Mark All As Read' button in the notification tab.,negative
show Funny videos more,positive
lagging,neutral
facebook is good but 😩barbar id shang karna partahr😩 not prosibel,positive
verry Good work,positive
best for mobile users,positive
"it's great for some things, but there are tons of downfalls on the business/professional mode side of things, especially when it comes to their charity sign up process.",negative
satisfy,positive
a big white page tried in several days and it's still big white page,negative
बेस्ट अप्प,positive
still working fine 🙂,positive
"My account was disabled even though I didn’t do anything wrong. Two of my accounts have been disabled and restricted, and I really don’t understand why. Some of my chats are very important to me. Also, the name on my Facebook account is just my nickname, which is different from the name on my ID",negative
I can't even sign in,negative
wow 😮,positive
"HELLO FACEBOOK TEAM, MY PAGE HAS NOT SHOWING CONTENT MONETIZATION OPTION. I BELIEVE ME THIS MAY BE AN ERROR, I FOLLOW ALL COMMUNITY GUIDANCEAND CONTENT PARTNER POLICI. PLEASE REVIEW MY PAGE And ACCESS MY CONTACT MONETIZATION FEATURE. THANKS YOU FOR YOUR ASSISTANT. THANKS [FACEBOOK TEAM]",positive
best social media app,positive
it's very slow,negative
"Facebook ka monetization system aur algorithm bilkul unfair aur niraash karne wala hai! Jo creators din-raat mehnat karke original videos banate hain aur audience grow karte hain, unhe bar-bar ignore kiya jata hai aur koi monetization tool nahi milta. ​Lekin dusri taraf, aise inactive accounts ko monetization features (Ads on Reels / In-stream ads) mil gaye hain jinhone aaj tak ek bhi video nahi banayi hai aur na hi unhe pata hai ki in tools ka karna kya hai! Aise logo ko features dene ka kya",neutral
BRO THE DESIGN IS NOT GIVING!!!!!! EVERY UPDATE IT GETS WORSE!!!,negative
"I prefer the previous version. I have trouble using the search, it did not show the things which I am looking for. It is very inconvenient to use Facebook now.",neutral
it is working good,positive
nice Ang fun ❤,positive
As,positive
I hate this app ive been trying to delete it for a few days now and it just wont delete there is nothing but drama and hate and im tired of it. more for teens anyway. followed the YouTube video to a t followed the Facebook instructions to a t im not stupid I know how to delete it it just wont delete. even reported it several times it wont delete. hate it,negative
i like face book ❤️,positive
Facebook thé best,positive
"I would like to submit a review regarding my recent issue and kindly request a quick resolution. I have been experiencing a problem that has affected my account, and I believe it deserves urgent attention. I respectfully ask the Facebook team to review my case as soon as possible and provide a fair and transparent decision. I value the platform and the community it provides, and I hope this matter can be resolved quickly. Your prompt response and support would be highly appreciated. Pk Prosanto",positive
"I can't see my post, it's full of ads",negative
how to stop auto following random pages?,negative
AWESOME,positive
Turning off auto scrolling doesn't work... the greed is pathetic.,negative
it's cool men,positive
is so good,positive
"The FB marketplace is neat but once it comes to relisting your items(this is really awesome), there's an option to ""delete&relist"". you see, it took me forever to relist everything I had listed, and had to do it again and didnt want to wait lots of time doing so, but once I got to it, I saw ""delete&relist"" and omgoodness let me tell you that that option is so incredibly time saving. Very impressive to me.",positive
Full of bugs on Android. Put the menu bar back at the top of the application!,negative
this app is fraud it is hacked,negative
Facebook is a great app for communication and entertainment. Easy to use and very helpful to stay connected with friends and family. ❤️,positive
"I have enjoyed Facebook for the past 20 years, connecting with old and new friends. I have used it as a photo book of my life, my children growing up, as memories of loved ones that have passed away. Facebook has been a wonderful tool in my life, now for some unexplained reason, they've decided to erase two decades of online life, no reason, no warning. just a cold (account suspended) screen. absolutely disgusting!",negative
গুড প্ল্যান,positive
"Im very disappointed because my account got disabled for some reason and its saying i violated rules but all i did is to comment in the facebook market place if how much the item that they got, i appealed but it didn't do anything, i have important school announcements, important messages in my messengers and even though i created a another account for the replacement of my old account it got disabled again ,i created an account and got disabled because im missing a lot of activities at school.",negative
what a nice app,positive
ভালো,positive
🤗🤗🤗🤗🤗🤗🤗🤗🤗🤗🤗🤗🤗🤗🤗🤗🤗🤗,positive
They suspended my account without reason! damn!,neutral
"this app has too many bug in honor pad x9.. I can't even see where the 'Hamburger' 3 lines.. and it's only shown when it's on a split screen.. it's frustrating sometimes if I don't remember... please fix this.. I don't even know what to do... I tried to put it down to 600dpi, but still can't find the solution.",negative
Awesomeness 😎💗,neutral
entertainment just for me,positive
Nice one,positive
great platform in here,positive
getting better and worse same time,neutral
very much for your support👍,positive
I DONT KNOW WHAT DID I DO BUT YOU JUST DISABLED MY ACCOUNT I DONT DO ANYTHING THAT IS AGAINST THE COMMUNITY GUIDELINES I WAS JUST QUITE I DONT EVEN HAVE A SOMEONE TO TALK TO AND YOU JUST SAID THAT I VIOLATE YOUR COMMUNITY GUIDELINES MORE PROGESSION FACEBOOK YOUR COMMUNITY GUIDELINES IS TRASH IF UR ACCOUNT GOT SUSPENDED DONT APEAL BECAUSE SOON YOUR ACCOUNT WILL BE DISABLED MORE PROGESSION FACEBOOK🗑️,negative
very nice platform of my friends and my cousin and face to face joining this very thankful for the Facebook,positive
i hate this app now it's getting irritating day by day because of too many ads during short videos and also long videos after evry 1 minute i get new adds,negative
ok.,neutral
Why are your updates 100+ mb,neutral
supar👌,positive
This is a good app for that... .,positive
खटमल,negative
Good post,positive
my apps note instail . problem,positive
"I’ve been using facebook for a while now and I’m really satisfied with it. The interface is user-friendly, everything runs smoothly, and it makes daily tasks much easier. Definitely recommended!",positive
very mind-blowing experience,positive
Demands a selfie video for authentication that nobody asks for. Preposterous.,negative
always give a suspend acc even if you don't do bad,negative
nice pic you so cute,positive
poo,positive
Feeling blessed,positive
Facebook has blocked my friends for some strange reason & won't let me send messages.... not happy,negative
this app is good. but the comments are not loading.,negative
ফেসবুক ওই যত নষ্টের মূল 🥵,negative
Good.,positive
Nice सोशल मीडिया ap🙏,neutral
"Simply is the best app, especially for those who feel alone and misunderstood in this world. It gives you a space to express yourself freely on Facebook, lighten your heart, and connect with new writers to learn from their life experiences.❤️👌",positive
best facebook,positive
good good,negative
"Family,Friends are Able to Interact",positive
good 💯,positive
"I have come across a problem. whenever I try to comment on a post, the keypad turns landscape mode. only in facebook, not in any other app. phone is in portrait mode but I am facing this problem!",negative
download Facebook jaldi,positive
magda siya😊,positive
i love this App alot🥰,positive
blessed 🙌,positive
No much ban and restrictions unlike before. Now more lively. I just want to start cashing out,neutral
"“The app is very good and easy to use, but monetizing pages in Pakistan is quite challenging. I would really appreciate your support and guidance in helping me get my page monetized. Thank you.”",positive
very good sarvice,positive
Good Job Faith,positive
It has a privacy optional,positive
qq aa rhi thi to be a part time⌚⌚⌚⌚⌚ I was a good,positive
I like this application but they are killing my account Facebook account is they're anyway you people can activate it so that my account would not be kill or suspended please 🙏,negative
Facebook is a cesspool of the worst of everything. Don't recommend.,negative
Garbage data mining app.,negative
very hard,positive
iam Vloging in Facebook,positive
very worst I have facing some problem in video tab,positive
ماشاءاللہh,negative
my account is disabled I don't know what did i do wrong,negative
it's really good app! best social app ever! but suddenly my acc is suspended for 180 days without any reason.. why?? I hope Facebook team will help me,positive
this is very useful app,positive
bilkul bhi ads pasand nahi hei ADS Dekhte mujhe to mei new account bana lunga mujhe ADS mut Shoe karna Facebook mei FB Team Samjhe 😡😡😡🤬,negative
Is the best app ever,positive
good but needs more upgradations while using app,negative
best for social platform,positive
the search bar for group and marketplace at the top disappeared!!!,negative
great platform,positive
Facebook connect people in so many ways,positive
"I love it, perfect, thank you Facebook",positive
Facebook Magar bahut advance ho gaye hain,positive
very very good Facebook,positive
VERY GOOD APP Facebook Social media app......,positive
helping,positive
"looks fantastic enjoy ,glad the weather is good 😍",positive
public Review,positive
Erica is the best!! I recommend her to everyone 😁,positive
"I like socializing online but delete my MySpace account, not cool. and my xanga... anyways I am very much socialiable, and love to be online!",positive
very easy to operate and network managing.,positive
it's well,positive
trash and horrible,negative
wont open.,negative
if I could get my account back,positive
Terrible app. I barely even use my account which is only talk to my friends and schoolworks but it got suspended and I can't even recover it.,negative
"Excellent experience! The quality of service is top-notch, and the team is very professional. Highly recommended to everyone. Five stars all the way! ⭐⭐⭐⭐⭐""",positive
no monetization,positive
💝,positive
Wonderful story. Congratulations! Take care you Three. ❤️❤️❤️,positive
"follow,like and comment",positive
The best. The great. buy please give me money 🙏😩,positive
Horrible censorship mentality.,negative
this is a platform very fantastic 😻,positive
alhamdulillah,positive
Time lost app,negative
we all know why I've given 1 star,negative
Fine,positive
प्रॉब्लम गेम,positive
Can't move the slider to go back or ahead in videos. Worst app,negative
Bhalo Facebook❤️❤️❤️❤️❤️❤️🫣,positive
someone stole my phone and posted alott of things that shouldn't be posted on social media hacker got my FB and Instagram Disabled and I cant find ANYWAY to request a review all I use my accounts is for my deceased friends thts all and only pictures I have of them I can afford to lose this account been having both accounts since 2011 smh,negative
"Alhamdulillah, you had a wonderful Raya family gathering.",negative
deedar,positive
New update keeps pulling my menu open while im trying to scroll. galaxy s23 ultra. This is super annoying.,neutral
Thanks facebook team,positive
very nice app,positive
ফেসবুক হলো সারা বিশ্বের এক নম্বর যোগাযোগ নেটওয়ার্ক সংযোগ এই ফেসবুকের মাধ্যমে সবাই অনলাইন কাপাচ্ছে এবং ভাইরাল হচ্ছে এ ফেসবুকের মাধ্যমে আর্নিং ও করতেছে ইনশাল্লাহ আমি সবসময় ফেসবুকের পাশে আছি পাশে থাকবো,positive
without Notice Meta Disable my Account.,negative
a Very useful app,positive
Nice day,positive
share post,positive
ทำไมโดนบล็อคไม่ให้ลงคอมเม้นท์ขายของหลายครั้งจังเลย?? แถมโพสต์ที่ผมไปลงก็คือโพสต์หาของที่ตรงหัวข้อด้วยนะผมไม่ได้สแปมมั่วๆเลย ผมไม่เคยโกงด้วยซ้ำ รู้มั้ยเสียโอกาสไปกี่โพสต์แล้ว?? จะรับผิดชอบยังไง แถมที่ขายก็ไม่ใช่หลายอย่างด้วยนะ อย่างเดียว,negative
This app is very useful.,positive
"pls fix ur beta , omg na suspend lang yong isa kong acc na damay pa lahat ng natira pati bago kong acc na ginawa sinuspend pa i hate this ever",negative
Good nice,positive
ഗുഡ്,positive
Nice facebook connect,positive
an amazing experience,positive
it's always nice to browse.,positive
no be it been better every day great work,positive
very good experience,positive
i think it's brilliant if Reel can Reshare 🤩🤩🤩,negative
wallpaper update,negative
"This app is absolute junk. It's controlled by AI junk that doesn't understand context. Old content takes precedent over new content. Replies are hidden for users - not all, just those participating in a conversation AI deemed ""not relevant"" or ""not to Zuck's liking"". I won't spend a dime on this garbage either. STOP HIDING MY REPLIES FROM ME!!! I CAN'T ANSWER QUESTIONS PEOPLE ARE ASKING!!!!!! Lol, hey Google Play, the ratings on this app are a joke.",negative
tf porn ads,negative
Facebook content comedy reels,positive
অনেক ভালো,positive
post to group shareing problem,positive
"This app is good but has to be improved and allow us to use even titles on our names for example if your real name is Professor, it doesn't allow you to put it since it's a title",positive
love this app because recover any time profile,positive
new pic,positive
nice 👍 राम्रो छ यो facebook play गर्दा हामीले छिटो र सजिलो तरिकाले कुराकानी साथै नयाँ सन्देश दिन सकेका छौँ।,positive
deserve it's rating five star,positive
Facebook is a best platform,positive
so good my useing is related,positive
good app 👍,positive
Good 👍🏻,positive
Good app 😄,positive
i need my option stars on Facebook to come back so tha i can earn to Facebook,positive
Facebook is a great platform to stay connected to family and friends and to our community.,positive
rehanalivighio sahib and nice,positive
Not a bad site for me,positive
so cool,positive
nicky is so talented love love my door wreath xxxx,positive
Facebook dating is not working for me,positive
improve on it,positive
good facebook them,positive
💖💖💖,positive
🤩🤩nice,positive
"Disabling my account when I haven't done anything wrong? When you can't even take down the posts who absolutely disregard your community guidelines? Great job, Meta 👏",negative
تطبيق زبالة,negative
so good the app this like it🥰,positive
I only use this to talk to my friends. everyone else on here is racist. Tell your friends to get Discord or something.,negative
this is a very interesting platform. I learned lot of thinks for this app.,positive
outstanding,positive
You disabled my account without any reason! i haven't done anything and one day it suddenly got disabled! Your ai sucks! and i can't even contact a real person because you expect me to chat with ai! UPDATE YOU DISABLED MY OTHER ACCOUNT WITHOUT NO REASON.,negative
omg my friend,positive
veery good.,positive
sangat bangga tentang aplikasi ini kerana memudahkan segala urusan untuk mencari data dan maklumat tentang berita hangat,positive
help to download apps,positive
super amazing,positive
godd,positive
hate it,negative
Mood🥃,positive
It's good app,positive
Good..,positive
experts,positive
best of the Facebook ❤️‍🩹,positive
random feed wasting the time,negative
"stay mindful of your comments, development and security... beware of some accounts, scams are functional on Facebook. in time maybe will be a cleaner platform. I believe in free speach . be aware misuse and manipulation. from others online and in life. have fun .enjoy keep safe. make honesty your personal policy ... kind regards The real Ivan Clothier. NZ Hearty",positive
"Facebook is trying to censor people with their third party fact checker, how do they know what's false info? Why don't they go the account owner when I just shared a Story? What happened to FREEDOM OF SPEECH? Let's WAKE TF UP PEOPLE! SOMETHING ISN'T RIGHT. IF YOU DELETE MY COMMENT I'LL REPORT IT. I have screenshots and proof. TRUMP, WE NEED YOU.",negative
My Experience with your company is absolutely truly don't get it twisted 😂,positive
WOW,positive
best aap,positive
did not believe my name forever was my real name,neutral
"my best app, everything and all 🌹🌹🌹",positive
update me,positive
It west my time,negative
have no idea how to free up space.,negative
good 👍😊👍👍,positive
How fitting......👼🦹🫅,positive
Abhi Tho A1 Hai Magar Research you ❤️🤝👍 Yes Sir 👍,positive
"“आपकी स्पष्ट प्रतिक्रिया के लिए धन्यवाद। यदि आप अधिक जानकारी साझा करने के इच्छुक हैं, तो हम वास्तव में इसकी सराहना करेंगे—इससे हमें सुधार करने में मदद मिलेगी।” “हमारा लक्ष्य हर बार बेहतरीन अनुभव प्रदान करना है। आपकी प्रतिक्रिया हमारे लिए अपनी सेवा को बेहतर बनाने और निखारने में बेहद महत्वपूर्ण है।”",positive
Love it!!,positive
ok sir thank you,positive
liget,positive
nothing but ads and stupid reels and unknown groups these days. it used together about friends.,negative
ফেসবুক আমার ভালো লাগে ফেসবুকে সবার সাথে যোগাযোগ করে অনেক সময় বাঁচানো যায় এবং অনেক ভালো লাগে,positive
"Every second post is an and then you stop loading content and force me to have AN AD BRAKE! This platform has fallen so low and it's pathetic.,",negative
that's awesome amazing job I'm proud of you,positive
Nice in communicating with friends and family!,positive
🙏🙏,positive
purna time yaad aa gya aaj....facebook use krke,positive
"what are content mods doing or is Meta AI really so inferior compared to other technologies? Literally reported a profile for nudity and the profile picture of the profile is literally someone in full nude and they said the profile doesn't go against the community standards? so we allow nudity on facebook now? what kind of standards is this? atrocious app, even tiktok is better when it comes to reporting content against community standards. Please do better.",negative
why can't I get into my Facebook account,negative
vedio not work in fb,positive
enjoy your Facebook,positive
v.good 👍,positive
V nice,positive
super 🤩app,positive
"full of bugs, the new profile style sucks, i can't put a song pinned under the bio as used to be, people see different style of my profile other than the one i stylised so it's pointless",negative
the worst app ever,negative
I really want a complete Facebook app to expand my research,positive
it is very useful to me,positive
can't log in.....!!!!!!!!! 😔😔😔😔😔😔😔😔,negative
l like this app,positive
Join,positive
Nice jobs,positive
the osam,positive
very Interesting,positive
New update is horrible as heck. Nothing but issues everywhere for just about everything on my android. issues with littereraly everything.,negative
xxx videos is very love,positive
good and entertainment app,positive
Facebook best for friend connect,positive
Thunku,positive
"Facebook remains a titan of social media, offering a massive platform for global connection. It excels at keeping friends and families updated through its versatile feed, where users share photos, videos, and life milestones. Beyond personal networking, Facebook Groups provide a unique space for niche communities and local interests to thrive. With integrated features like Marketplace for local trading and Watch for video content, it is a comprehensive hub for entertainment and social utility.",positive
best design,positive
sapot plzz 🙏,positive
Exilent rediym work,positive
"অপেক্ষা কেবল সেই মায়াবতীর জন্য, যে আমার গল্পের শুরু থেকে শেষ পর্যন্ত ছায়ার মতো পাশে থাকবে। কেউ কি হবে এমন?"" ❤️‍🩹❤️‍🩹❤️‍🩹😫",positive
wow 😳,positive
nices app,positive
Facebook best aap hai,positive
mashahalla,positive
all my account was suspended idont have choice to make new account but meta is always suspended my account this app is good but all people experience suspended account pleasse meta give me back my account ineed that for my school,negative
Wonderful app that has done more good than bad. Please reduce the ads fees for third world businesses especially in Nigeria. Thank you and God bless.,positive
okay thanks,positive
برفكتو,positive
my profile,positive
"Doar bunatati, una si una !",positive
ညုသ,positive
very nice very good,positive
Why can't I verify my Facebook account with my face? Please help me.,positive
it's not satisfied,negative
Amazing app,positive
i think very nice social app,positive
Zuck sucks,negative
4/13 - newest update can't see group posts. Each update is worse than theone before.Truly thinking about ditching Facebook after being a member since 2004...almost 22 years and it just keeps getting worse. Can't see when people are online anymore. No longer get emails that it says I am subscribed. Would love to give zero stars.,negative
Abhishek Kumar ♥️,positive
interesting,positive
great time,positive
bro your glich ar realy engar,positive
Facebook disabling new accounts,negative
روعة,positive
very nice and very helpful for me,positive
nice 👍👍🙂,positive
I'm banned from the Facebook App and I'm upset about why it's because I have More than 2 accounts and I'm not following the Facebook Guidelines 😔 but that's okay 😊 there's other websites that are available without all the restrictions and I'm happy 😊,negative
Goood look,negative
meta disabled my account for no reason,negative
nice aps,positive
i really love this app 😊,positive
beautiful🥰,positive
nice 👍🙂,positive
good experience,positive
excellent,positive
"so far all the gambling and porn ads are gone, which is great! but now every reels i stumble are random stuff that doesn't relate to my search and likes, its just some random reels that i dont like, even after pressing not interested in every single of the reels, it still show the same type",negative
"Every time I log in, I'm told my account was hacked and I have to create a new password. Surely, that should only have to happen once. But no. I'm glad I'm deleting my account",negative
আলহামদুলিল্লাহ খুব ভালো লাগছে,positive
please remove meta from Facebook because last Friday 19th when I asked meta about viber app blocked me after i deleted viber and installed more then 5 times can meta help me how to unblock me there instead meta start laughed at me 4 times on WhatsApp and with a mocking response with me on viber after I deleted more then 5 time meta was laughed at me 4 times meta didn't upset me with a mocking response that Friday and and with laughed at me 4 times meta didn't take my words seriously,negative
Very easy to use ♥️,positive
its disabling every facebook account of me and my relatives,negative
Nice!,positive
Think you,positive
I am for real at 71 years old,neutral
There is an improvement in the way that it works now everything is just excellent,positive
Good very good,positive
horrible experience. customer service is never available. ID verification never works. Facebook takes a super long time to get back to you if they decide to get back to you.,negative
it won't let me log in & then it starts flipping through different screens like crazy if it won't work i givevup on have a Facebook,negative
"how can I play, hello",positive
not bad,neutral
Facbook on keyo nhi ho rha hai,positive
Rubbish,negative
Great,positive
Amazing ❤️,positive
Farzi online site I am purchase online paint shirt but have received shirt and pazama woh bhi cotton,negative
ab ye Epstein k chakkar me godi gulam hai is liye uninstall,negative
good appk,positive
"damn what a dumb app. homepage showing things from someone, pages and group unrelate to me at all",negative
আমি ফেইসবুক ব্যবহার করবো,neutral
"good,and good job,Gid bless you more🥰🫰🤝congrats..",positive
This Very good,positive
"After watching some reels when i go back to the Feed, a random background music keeps playing & there’s no way to stop that music but to restart the app.",negative
my App is not updated running with earlier version i hope any one from concern team pls help regarding this,neutral
very very nice beautiful wonderful video 💝❤️🥰,positive
Je kunt nu niet meer inloggen zonder Instagram en ook geen nieuw wachtwoord maken via je gebonden email. Daarnaast is Facebook vol met advertenties je moet nu beralen om geen advertenties te zien of je gegevens op te geven. En ook laat Facebook discriminatie en racisme toe desondanks dat het gerapporteerd wordt.,negative
"Please just make a Marketplace app. I hate Facebook and don't want it on my phone, but the Marketplace is useful",negative
menu bar at the bottom this is a big problem for me,neutral
"This is really nice, just bring it and install it.",positive
"Awesome! ""Ge'r done"" 💯. Z's or is",positive
good but I give you ⭐⭐⭐,neutral
it's been mostly a positive experience except a couple of times on marketplace,positive
this apps should be deleted because it's so unfair my account is disabled because it said that i don't follow the rules but i see the other doesn't follow the rules but there account is not disabled that's why i sent my important photos in my Facebook to save those memories but now all gone because they disabled my account the meta is so unfair i cannot accept that my account is disabled this app should be report,negative
excellent social media app,positive
Best Cuban Bodega around 💯,positive
sp good,positive
best application,positive
thank you mether team I love you Facebook my career and my dream,positive
খুব বালো 🤟,positive
❤️‍🩹❤️❤️❤️,negative
very very nice 👍,positive
"I am unable to send messages on Facebook. My messages remain stuck on 'sending' or show 'this message is unable to send'. I have already tried updating the app, restarting my phone and checking my internet connection but the issue still persists. This is happening with multiple contacts and I am not blocked. I would appreciate a prompt resolution as this is affecting my ability to communicate for (work, family and urgent matters)",negative
"Trash app, confused developers",negative
nice and good,negative
my personal account has been disabled even I don't violate any Facebook policy,negative
way to go Joan!!,positive
"Facebook is a very easy and enjoyable platform to use 👍 It’s great for connecting with friends, sharing photos and videos, and discovering new things. I really like how it keeps me updated and entertained every day 💯 Overall, my experience has been excellent ❤️",positive
bahut अच्छा,positive
Mobile Use full app,positive
this is best app ever I see,positive
ye app achha nahi hai isme ladki ka reply nhi aata hai,negative
nafi,negative
y ugh k,positive
its a great app to stay in touch with others. i,positive
wonderful app just enjoy all time,positive
my facebook account was suspended incorrectly. tried to rrach out but it says page does not found,negative
ጥሩ ነው ብዬ አስበለው,positive
nise app,positive
wonderfull app called Facebook 💗,positive
"Facebook works fine, There is a need to make more changes in this.",positive
"When I go on the app, it's like my phone has a stroke. Every time I watch a video, it continues playing even though I left it. It's becoming less and less popular, and I only use it to see family. Now it's trying to control our lives, and it keeps signing me out then doesn't remember my password. my friend and I saw that they only show certain comments. you can click to see all, but when we compare comments sections, they were different",negative
i love you bhai jaan,positive
SUSPENDED MY ACCOUNT WITHOUT VALID REASONS,negative
What's with the ads that pop up while we're watching videos though???,neutral
good l,positive
please stop sexual at,positive
just sweet,positive
This is nice ☺️,positive
thank you!,positive
Update plz,negative
The topp aPp..,positive
"I hate how I can't see my own password, making me lose and unable to change device my 7 years old fb acc. please fix this asap so I can play cod with my 6 years old cod acc. i would appreciate an update regarding this matter and i would try my best to change this review asap after an update -peace😊✌🏻",negative
content monetization room nahin mila hua Hai views nahin badh raha hai please help me,positive
hello Facebook team i need to recover my Facebook account as it was disable for last few days by mistake. I did not do anything against the community guideline.please reactive my account my account info nobyembreonse Edar,positive
Great experience . The best social platform.,positive
why is my account again and again suspended? even i made two step verification and even i make vedio selfe also taken my id card picture live and then also suspended why? please even i talking on vedio call only with my friends not bad things. then why? i can prove that i m not fake name use. even my that accounts 5 to 6 years old accounts. then why?,negative
best way of life 😍,positive
"Saat akun saya diretas dan perangkat saya dikeluarkan, proses login kembali jadi sulit karena data sudah diubah. Setelah berhasil masuk, saya tidak bisa mengeluarkan peretas atau mengganti data karena dianggap perangkat baru dan harus menunggu. Padahal sudah terhubung dengan nomor HP lama. Jika saya dikeluarkan lagi, apakah harus mengulang waktu dari 0 terus? Seolah akun saya dipakai 2 orang.",negative
like 👍🏻,positive
Good app,positive
"someone switch ln my fb account she""s using her google account to my fb account",neutral
for not letting me use the username i wanted,negative
This is good,positive
❤️‍🔥❤️‍🔥❤️‍🔥❤️‍🔥,positive
good one ok ok sar,positive
Hate the ad-breaks,negative
I love them,positive
nice position,positive
Facebook is a life changer if you know how to use of it,positive
"after verification always force logout, fb said session expired after put code",negative
ফেসবুক এ কাজ করে অনেক ভালো লাগলো এটার ভিতরে অনেক বিনোদন আছে,positive
"Lost my phone, wallet all.my cards and brand new ID from all day at DMV my! credentials! Why am I so happy still? Because I have Facebook!",positive
good for meeting new people and keeping up with old friends and family,positive
Ireally like the app just because it helps me to understand really like with 100 percentage,positive
"Facebook is a great way to stay in contact with friends and family, but it's become an advertising minefield, and I'm sick to death of ads halfway through videos. Also, there needs to be better security with advertising as there are unpleasant ads with adult content that should not be seen by the younger generation. I report anything that shouldn't be shown in this app, but it feels like it falls on deaf ears. Facebook needs to update and screen posts before they allow curtian criteria. 1 star",negative
ល្អណាស់,positive
"This app has been installed on my Samsung phone for years. I have never used it & I don't want to use it. Also, I can't get rid of it.",negative
"Facebook has started a useless move with background music, whenever Facebook plays, background music starts playing, turn off this nonsense update or give the option to turn it off.",negative
àdd Facebook page access options in latest version,positive
"Facebook does not allow users to deactivate or delete their accounts smoothly. When attempting to delete an account through Account Center, Facebook asks for the password, but after entering it, the system reports that the password is incorrect. When trying to reset the password and setting a new one, Facebook then says this change is only allowed in Account Center, even though the process was already started there. This creates a loop that prevents users from deleting their accounts.",negative
"I have been using this app for many years, it is a very good app, talking to people, making friendship with new people, very nice application",positive
Good better than IG,positive
LOVE ❤️ THIS PICTURE! Y'all are beautiful 😍,positive
Wonderful,positive
very poor and very slowly speed???👎👎,negative
"fix your garbage feed , always seeing the same post , refresh is usless, stupid app 👎",negative
"Because you always suspend my account for no reason, I'm just watching, then suddenly you suspend me, please restore my account, I've had several accounts, ahh",negative
glitching out repeatedly asking me to log in I do and verify on my phone it says recognises me on this device goes to my page then circles through doing it all repeatedly over and over I can't do anything forced closed it reopened same thing.,negative
excellent 👌 working,positive
"I hate that FB has to reset my page I was watching, after I've minimised it. Why on earth would they do that? It happens every time.",negative
too good 👍,positive
so slowly,negative
Review sadly comes,positive
I create videos,positive
nice Facebook comment share like comment video ko viral karna please please video ko viral karna please Facebook Facebook manager like comment share karna Garib aadami hai please please,positive
so Bat,positive
osm App,positive
i have no problem with Facebook it's works perfectly,positive
too good,positive
unable to sign in after getting a new phone. won't send sms or accept the password that is correct..,negative
"Strange how they make it nigh impossible to deactivate your profile or even get access to anything remotely related to protecting your privacy, your data, and your rights as a human being. It's as is Facebook is actively opposing you in those regards.",negative
Very👍 good,positive
best AP of news,positive
Good social media,positive
not better,negative
Let's me keep in touch with family and friends ❤️,positive
super 💯,positive
BaceFook,positive
Muhammad Saeed 💞,positive
Are bhai bilkul fek hi hai tumhare se download ho raha hai ek bar download kar le FIR dobara se ho raha hai iski aisi kam taisi isko koi download mat karo ab but main karunga 😄😄😃😀😀,negative
"Watching videos on Facebook is AWFUL. Other videos appear over the one I'm watching, especially if I push the app to the background temporarily. Sometimes audio from another video plays at the same time. And lastly, constant obnoxious ads on every video! It's time for a premium option without ads! DO BETTER!",negative
great apps,positive
bahut achcha karte hain aap,positive
super thanks,positive
good q,positive
Chandan Kumar bahut achcha hai aapka,positive
Not accurate,neutral
designed specifically to be addictive to children and who knows what else. would not recommend,negative
Mera ID monetize nahin Hai,positive
thank,positive
"I'm still unable to download Facebook, have tried everything I could .",negative
"""best app"" where? you little meta babies just DISABLE AND SUSPEND ACCOUNTS FOR NO REASON. ATLEAST BAN ACCS THAT'S REALLY VIOLATING YOUR STUPID RULES? ALL MY ACCS? GONE. PERMANENTLY DISABLED AND U GUYS WONT EVEN DISCLOSE WHAT WE VIOLATED. I HAVE SENT MANY APPEALS BUT IT WAS USELESS. u ppl can't even have conscience. accounts that have bussiness, clients, and for communicating friends and family. How can we do that now? Even after creating a new acc it will still get banned? Fix your moderation.",negative
খুব ভালো,positive
your blocking me and it's pissing me off,positive
really important,positive
even though we select hide on ads they keep coming. we report scam ads and they dont get removed,negative
Suoer cool,positive
working not well on Android,negative
Best👍💯👌 App,positive
Abdiahmmed 77306875,positive
Facebook problem,negative
😊,positive
"Esta aplicación es muy buena, pero sus reglas de mensajería no son buenas, aunque en general funciona bastante bien.",positive
Facebook has really improved. It super easy to reach out to old friends and make new ones. A platform that truly brings the world closer to you.,positive
good 👍👍 like it,positive
fine 👌👌👌👌👌👌,positive
hello... im Payel Das... i love facebook😘,positive
frustrating!!! it continues to want a screen lock from last phone and I don't know it that is why I had to get a new phone!!,negative
it isn't letting people hear the reels when on messenger screen sharing fix this please,neutral
আমি অনেক খুশি,positive
mera Facebook mein buns Wala ke option kab aaega,positive
"it's good way to share with your family and friends what you been up to lately. Also has nature pages and hobbies, sports, old school times like 60s -70s -80s -90s 00s . and selling pages and what's going on in villages, towns, and cities.",positive
my favorite social media platform,negative
trending,positive
every time I update the app it has to reset and close out but you guys just did an update somehow while I was playing on Facebook. I'd like to know what you guys are downloading into my phone.,negative
por favor dejame oculta sesion de reels,negative
Facebook is sick,negative
Good but it should banned violence videos which does not gives good sense to our society.,positive
The best Classic and Perfect application,positive
in tablet its not optimize,negative
My favorite platform,positive
x better,negative
Please Fix All Of The Media In All Feeds. Like It Used To Be.,negative
"tysm Facebook, by you. I can't found my bf old photos 💜, I give you 6 stars 💜",negative
😡,positive
Best version,positive
what an nice app mark .,positive
"I like this app for its vast communication and connection to different people and profiles. We can save any videos for future use. We can also communicate to anyone sitting at any place in the world. In essence, it is very helpful for me, for us.. everyone.",positive
notification problems so much late notification complicated settings.,negative
it very good,positive
why did u restrict my account Im not even active in fb,negative
I hate this app with a burning passion. im 18 and I have had to make three different accounts all of which have gotten banned. the first one made me lose my instagram and oculus account. I dont know what I did maybe something I wrote in a comment section. but I never use face book other than to favorite cars that I like in market place. Easter i lost my second account and I dont have my accounts linked anymore. i make a new one and today i lost my account again. I DIDNT DO ANYTHING. IT SUCKS.,negative
satanic app,negative
that's the way I think,positive
exlent services and support all your executive,positive
"Great for staying connected with friends and family. Features are useful, but it can feel a bit heavy sometimes.",positive
The stuff is very useful in its own way but also not useful in others,positive
sana ma fix yung ibang bag's ni FB lalo na pag nag post ko ng custom friend nakikita ng hindi dapat makita nag babag sya,positive
im done for my restriction for 72 hours but why like this i can't upload ang message 😭,positive
so many ui bugs 😞🐛🐛🐛🐛🐛,negative
The best app to choose when deciding to connect with public,positive
"I've enjoyed Facebook from the beginning of my first account. I've made friends and have had many terrific conversations. The wide variety of articles posted has brought me laughs and tears, but it has always been interesting. Enjoy....",positive
I won't give 🐀 if u suspended my fb,positive
Facebook not update and problems when use..😬😡,negative
nice pleasent,positive
Facebook professional profile me subscribe button remove ka option add karo,positive
lame waist of time!,negative
good working day so lovely all girls friends,positive
ดีครับในเครื่องทุกคนต้องโหดไว้,positive
"best social media app entertainment, and earning platform",positive
I want to being add more friends i don't want limited,positive
disabling accounts without notice,negative
connect-up,positive
good app for facebook,positive
Hi ok,positive
asrafilsk,positive
"Not compatible with Galaxy Tab S10 Ultra. Refuses to log-in every time, no matter how the sign-in attempt is validated.",negative
tremendous app,positive
my favorite facebook love you so much 💗,positive
"it could be better Facebook was way better when I joined in 2008,now over the years it's mostly fighting videos, or sexual and it's not cute to keep one bit so I delete those pages, to l post those videos are not social and I hope they get rid of those type of contents soon, other than that I like staying in touch with family/friends",neutral
more ads than I can remember to purchase and 20 day old posts constantly at the top of my feed but new posts can never be found.,negative
great work,positive
Unfriends people on its own.,negative
"Love the contents, meaningful",positive
smooth,positive
still love FB as a way to keep in touch with many more people than I would have back in the old days as they say,positive
Facebook is the best app to use,positive
very very good,positive
poor updates yesterday news show as tommorow,negative
"Garbage! Very buggy and kept crashing. Also, does not work in landscape. I'll just continue to access in a browser.",negative
my account got disabled without any good reasons and you guys still do nothing about this a.i wave bans its so stupid i tried to talk to an agent and its been 7 days and still no update,negative
you suck,negative
I think 🤔 this is my best friend ever so just mind your own business wabona csz dilo tsa batho Oupa,positive
scroll down error,negative
very good day,positive
good meta 😁,positive
this app is very nice,positive
move and story' s very good hai,positive
My account disabled recovery process please please please please,positive
challah rHa,positive
always the best app,positive
osum,positive
marami lang mga girl na sexy naka Post,positive
Good Aps since 09,positive
nic apps,positive
"""फेसबुक एक बेहतरीन प्लेटफॉर्म है जहाँ हम अपनी भावनाओं और यादों को सबके साथ साझा कर सकते हैं। इसके फीचर्स, जैसे कि रील्स और ग्रुप्स, इस्तेमाल करने में बहुत मजेदार हैं। मैं इसे इस्तेमाल करके बहुत खुश हूँ और इसे 5/5 रेटिंग देता हूँ। बहुत अच्छा अनुभव! 👍""",positive
it is so nice 👍,positive
my account always being suspend,negative
nice 👍👍👍 👌❤️,neutral
"it so irritating because meta was so strict I always get suspended, I did not violate any rules. I hope can you fix this because it really hard to get back my account",negative
App nawa yanzu baya bude min maganar mutane ban san me yasa haka ba.,positive
to me joke book is a joke it should be cancelled,negative
🤯😲mind blowing app,positive
Is oky,negative
Facebook at messenger,positive
"As far as I know, I didn't do anything wrong to have my account disabled. I don't post anything, and even watch videos, I primarily use Messenger, yet I was accused of violating advertising policies. I appealed to prove my innocence, but then I received an email stating that my account would be permanently deleted. Like omg! My account is almost 12 years, and all my memories are there even my files, group chats, and important school links.""",negative
like Facebook,negative
love 💗💗💗,positive
this is not functional at all they just decided to de activate my account without having my explanation i very disappointed to this platform,negative
"this is the only app that I spent about 98% of my data on. it is topnotch, it Worth all of my time!",positive
"Nem kellenek reklámok! Csináljátok meg hogy könnyebben be lehessen állítani hogy ki láthassa a fiókomat, és azon belül mit. Már az a privacy menü nagyon bonyolult, csináljátok meg felhasználóbarátra!",neutral
Facebook monetization,positive
very functionable app. love it very much,positive
charts fast load hote hai and analysis esy lagta hai,positive
অনো ভালো অপ্যা,positive
Dude gotta READ! funni Shyt dere.😂,neutral
0% rate,negative
I'm happy,positive
🙂,positive
why is my Facebook tab missing? where is Facebook messenger?,neutral
verrygood,positive
Marketplace needs to have its own standalone app,negative
"Facebook is one of the great apps that I used to communicate with my friends and keep update about news and community, I used this since little and still loves to use bcus I can earn money too when I post a picture and videos",positive
tanya I will pray for you and your dad and I know what you are going through because I went through it myself and it's hard to see him like that but I love you and will pray for you all call me soon as you can,positive
Facebook is great 👍,positive
Valo,positive
nice Apu,positive
"I see the worst dev team in Facebook have balls'd up the app again. The notification bar will not hide reels and will not show settings...again. I have cleared data, reinstalled and restarted. Everything to do with notifications is just rubbish, when will this team gain some competence",neutral
Very Good,positive
ভালো না আমার ভিডিও তে ভিউ আর রিচ দেই না,negative
I love fb so much,positive
Facebook app is very good I'm using this app form a long time,positive
i really like it and'im on this good app for 10'years or smaller,positive
great.,positive
just chill & good👍,positive
Bat di mapalitan ng profile?,positive
I love Facebook 🥰❤️‍🔥,positive
sana ma monetize na ako.,positive
thanks you,positive
"good! but l hope they will add ""pin highlight"" on facebook not just in posts but in stories too.",negative
Facebook Best app hai,positive
EXCELLENT THANKS,positive
stangaliN NYO N un mga LUMA at double double acc n mga poser un iba n hindi nmn tlga cla oknlng sna mg double aH bsta sure n ikw un.. hindi un kyo sa inyo p ng ggling pra mkpanloko ng tao. bogohin nyo sytema nyo nsa apps nyo din ang mga scammer at fake news.. tas my IA PA.HUHU😡🤬GPS LOC. FAKE DIN..🤬,negative
yummy 😋,positive
"hiiii team facebook, if trying to change my facebook password it is not changing please i request you to solve this problem as soon as possible. Thank you",positive
it's okay,negative
veery good,positive
أنه سيء,negative
😚,positive
verry goood,positive
i have some technical issue,positive
much lagi and slow make this app for very fast more than telegram,negative
⁵=,positive
"FB is lacking completive edge. Compared to ex-social media (aka Twitter), Twitter is starting to become more organized with its feed, long-form posts, connected posts, and plenty of cooler things. Facebook is just very stale. They need to update the feed to do more. Please. keeps deleting my group post for zero reason.... trying to make my first post but it's setting up my accounts to delete the post ...",negative
worse than ig,positive
love y'all,positive
beta program is joining,positive
All I can say it is the best app ever,positive
very good 😊💯 thanks for sharing,positive
very nice .,positive
all,positive
Constant glitches Even more glitches now,negative
maganda madaming gwapoHAHHAAHHA,positive
My messenger is disable 1 month abobve. not in & send msg. not incoming & outgoing call received,positive
umid,positive
These new unskippable did it for me. UNINSTALLED,negative
this app is very useful,positive
mara phon mai,positive
it's good for watching my favorite movie,positive
wow nice,positive
Facebook Bipeen kol kora,positive
"I was on FB for 2 decades I was recently suspended because of inappropriate statement that I don't recall saying I don't even know what was said, If I said anything to offend anyone or FB I ment no harm all the time I had an account I watch what I say, my account was frequently haunted by someone named MI VIDALOKA, which I found out has several accounts to haunt others. Boyce R.",neutral
Great Experience 😃 catching up with kinfolks 🙌🏽🫶🏽👌🏽,positive
good and helpful,positive
"The feed is completely unusable as it show ""content"" instead only what I follow (which appears to be the minority). marketplace search is terrible - it does not match patterns or similar words - only exactly matching searches missing many other useful results.",negative
v good,positive
Advertisementd more,positive
amazing ppl and amazing live you will not regret it come join us,positive
doesn't work,negative
One of the best Social Media platform,positive
outstanding bits you won't be disappointed,positive
very thankful this apps. and very usefull to all apps.,positive
"Account got hacked a few years ago, had money stolen from my PayPal connected to it and instead of helping Facebook banned my account and support has been completely unresponsive. Gave up on recovering my account years ago but just decided to give this review now",negative
thanku,positive
"Yeah, this app was great and everything. But I have now moved on to YouTube for a reason now, bye, if you get that video I posted on air a million views, and a million likes I will move on to that, but that's only unless you get that to a billion likes and billion views, but there aint no way. That's going to happen, but yeah, YouTube would be so big doing it, but if you want me to do Facebook forever, you have to get that too like Be able to make a viral s*** who wanna do that, but yeah.\nYou'",positive
don't pop up and ask for a review of you want me to say something nice,negative
meta disabled my account without prior notice shame on you.,negative
Good expereince this apps to send message to my family and friends,positive
nic,positive
I need blue tip,positive
"stupid app keep blocking me from doom scrollin, keep asking me if I'm still watching videos",negative
added phone,positive
"Hello instagram Team, My account has been disabled due to which FB also got disabled and I believe this is a mistake.I have never posted or engaged with any content that violates your policies, especially anything related to the reason mentioned. I respect all community guidelines and request you to please review my account again manually. This account is very important to me. Thank you for your support. No reply from your end since 4 days atleast read the e-mails and review manually do it.",negative
💯👍,positive
very good 👍 👏 👌,positive
"Either way, you love it and use it or hate it and don't use it.. 100%Fairreviews",positive
can't even log in just keeps me going in circles,negative
super 👍👍👍👍👍👍,positive
YAHS IS GREAT!!!!!,positive
Very good light Facebook,negative
good service meta company,positive
Facebook sabse best Laga mere ko,positive
bad 😞 app,negative
thank you for you 30 + years,positive
"Hey Meta, your AI system is giving false positives. Real people trying to create new Facebook accounts are getting banned as if they’re bots. Meanwhile, actual fake accounts seem to get through more easily. You’re locking out real users permanently just because your system fails to verify them properly. Please fix your verification system.",negative
good for the social world enjoyment,positive
Wako Molu Bilala1,negative
this app is fantastic it is just perfect for me!!,positive
Good not bad,neutral
"Facebook has gone downhill since it's inception. No longer connecting people but getting targeted advertisement to rack in some form of revenue. It's full of bots, misinformation and the report system is non existent. It never works or leads to an outcome. If I could give it minus, I would.",negative
Awesome !,positive
good to use,positive
I'm using Facebook 10yrs,positive
one of the best apps I've ever used,positive
meta trash,negative
"My 13 years account got disabled due uncontest violation, I hope meta/facebook will do something with this issue",negative
You can meet many peoplee,positive
best socialmedia app,negative
Facebook is the best and Valid ❤️✌🏻,positive
I love Facebook,positive
best among the rest,positive
every time I open video it says something wrong.,negative
"Buggy, ask me to log in on an already logged-in account . . . and logs it off and logs it in repeatedly, I had to use clear cache and force stop the app . . . It happens from time to time, please fix this",neutral
my account was been my ads and advertising assets that I don't have,negative
"Ok,,,,🤗😘",positive
Download,positive
Good❤️,positive
fix your app! cant even use the friendship portion of Facebook dating because it's so freaking buggy and won't work. Cant see anyone or do anything. get it together!,negative
I am no have care react,positive
wow and I thought I have a problem. you growing for a job .cause that's a lot of food,positive
masti,positive
"Glitches that prevent me from seeing replies to comments, mixes them up out of chronological order, always have to change comment filter from Most Relevant to All Comments, late notifications for old activity. Every update seems to make it worse. Randomly switches my online status back on.",negative
to much good,positive
jai khamkya ma,positive
help me to connect friends and family,positive
অনেক অনেক ধন্যবাদ,positive
Awesome Thank You for letting us know who you are and who you aren't!,positive
bahut bekar,negative
I always got a suspended even though I didn't violated the rules,negative
This app connects us with our loved ones.,positive
exilent,positive
wander full app,positive
yay,positive
good for keeping in touch with everyone one all ages,positive
this is nice app🥰👍👍👍,positive
play this app,positive
"The first application portal that connects people from all over the world.. your old classmates, former and present colleagues at work, friends from your home town no matter how far etc..welldone Facebook",positive
I've just got Facebook up and running again for someone else to touch my phone and email and Facebook now I am having my Facebook account suspended and I don't even know what Hass been due date is rong,negative
Brilliant,positive
"Request for Review - My Facebook account Disabled by Mistake Hello Dear Sir.. My Facebook Account is disabled my account Name.Chetan Goyat Chetan Community disable. I Want my Facebook account Sir i'm sure i didn't break your rules and regulations and i respect you and your comunnity guidelins, sir i'm sure you have made a mistake please sir i request you please review my account again and reopen my facebook account as well as soon possible becouse sir i have linked my account other social media",positive
Thanks for support,positive
suspension of accounts even though there's no violations,negative
I like it...,positive
सुपर,positive
very few glitches I have encountered but so far so good! the feature that allows my accounts across platforms to be connected is the best!! I love this original version moreee 🤯,positive
my most favourite app,positive
can find more friends,positive
i love it here,positive
why this app is so very sensitive even I'm don't have any violation my account got disabled why Facebook! please read this my concerns for your customer service,negative
Good apps,positive
Maintain the high standard,positive
play store me instgram or facebook install nahi ho raha please meri madad kare,positive
chhito chhito download gardo barna like nahi garungi,positive
good apps,positive
sir my profile monitization complete about 6month ago but my Content monitization is not approved kindly approve my Content monitization,positive
nice..,positive
OH YEAH,positive
FAKE BOOK APP DEVELOPERS ARE LOOKING FOR A DATE DOWN LOAD APP THEY WILL CALL YOU This is how they back ground check before they date you,negative
Someone by the name Nancy Nekesa hacked in to this account back in 2021 now I can't recover my account because of her to.make it worst FB management is not helping at all! how long will I stuck with this Nancy Nekesa?,negative
funny,positive
Facebook search suck.,negative
"Useless. I've had my account compromised, tried 3 times to open a new one and each time it apparently identifies as a threat and is instantly disabled with no reason provided.",negative
"META will be doing great stuff for very long time ,everyone has FB, everything about it is great, dont know how they do some of the things they do,it ain't my business anyway ,all good,💯♥️",positive
Jai shree ram 🙏,positive
"Facebook is a great app for staying connected with friends and family. It’s easy to use, lets you share photos and videos, and join communities with similar interests. Overall, it’s a fun and useful platform for communication and entertainment 👍",positive
me encanta!,positive
its easy to open,positive
no facebook app in google play thats why i cant update my app,positive
"Too many ads built in, but still the most effective way for me to communicate with classmates from long ago.",neutral
"I can't view notifications, stories and comments- Page Not Found error message after deleting the app and re-installing it.So frustrating!",negative
An AMAZING OPPORTUNITY TO BE YOU. SHARE SAFELY.,positive
"newest update had random videos popping up while I'm watching other videos, and the ok button for when I'm commenting on a video is to far down on my s25 ultra that I can't comment",neutral
Parental controls don't work the way they should. Can't add my daughter's friend on any device.,neutral
i love you 🌹🌹🌹🌹❤️❤️🙏,positive
constantly getting features blocked for stupid absurd reasons,negative
Facebook API is such an absolute disaster 🤮🤮,negative
best app in the world,positive
smart,positive
"please have a feature where we can view ALL OF OUR PAST stories, it doesn't need to be archive. it needed a past story history in general so that we can view the old stories or possibly reshare them in the future, it's like ""memories"" but for stories.",negative
ATTRACTIVE QUALITY THAT GIVES GREAT PLEASURE TO THE SENSES OR MIND 🫡.,positive
Fantastic!,positive
Facebook is a bad app,positive
Facebook or social media🎬,negative
Good quality.,positive
moti lal snigh,positive
အသဲပေးတယ်,positive
very good even today & for tomorrow ok,positive
Rakib All hasan ফেসবুক খুব সুন্দর একটা প্ল্যাটফর্ম,positive
"khub valo softer,",positive
no pay no win!,negative
❤️‍🩹,positive
first you disabled my account even i know to my self I didn't do any violation second I created again a new account few hours of using it you disabled it again WE ARE ALL DISAPPOINTED META!!!!,negative
very poor service,neutral
my original account you suspend,negative
excellent social platform that connects hearts 💕,positive
good❤️,negative
good gob,positive
meta was bad didn't back account,negative
nice 🥰🥰,positive
Lalo,positive
verry good,positive
ayshaaktar,positive
"sometimes I desk with bots, I'm not a fan❣️ get rid of bot accounts and scammers ❣️ seems like they are growing in number❣️",positive
heaven,positive
viral my video,positive
yess need Facebook,positive
thank you facebook family mujhe bhi paise aane laga ❤️❤️❤️❤️❤️❤️💗💗,positive
My personal account facebook comment problem please solve facebook team,positive
"Facebook is the world's largest online social media platform and networking service, owned by Meta Platforms. Founded in 2004 by Mark Zuckerberg, it connects nearly 3 billion monthly users, allowing them to create profiles, share content, join groups, and chat via messenger. The platform is free, earning revenue primarily from advertisements. I love this app❤️❤️❤️",positive
rabish,negative
Good,positive
I don't want Facebook Premium 🫢,positive
1M followers,positive
it is a good and reliable thing,negative
ads,negative
it's nice to use this app,positive
🫰🏻😊,positive
so every time I put a comment everyone will see it there's no privacy,negative
dope,positive
So Nice,positive
❤️❤️❤️❤️,positive
worst meta now suspend account problem its very wrong my girlfriend going it your mistake,negative
it's got trendy funny cool things. bring on the FB!,positive
they are very good,negative
after updating live video is not streaming,negative
good boy,positive
"Had an account since the inception of Facebook. Now it's been banned by automated systems and a failed ""selfie video verification"" with no method to contact a human. I never post, only use messenger for friends and family, then business suite to manage clients accounts and can now do none of that. The only available option 'AI assistant' for support gives generic responses and links to articles (usually broken links). If I didn't need it for work or family I'd take it as a blessing.",negative
tnx for Facebook,positive
thankyou,positive
bhut acha,positive
don't want people sharing my info,negative
"this application is good, especially when it comes to communication.",positive
fb keeps my friend posts out of my feed.,negative
ভেরি বিউটিফুল,positive
Good Apps But Content Monatize nhi mil rha hai,positive
"This app has turned into a joke. Reporting fake profiles results in them saying ""this does not go against community standards"" and my timeline is filled with bad suggested content ever since an update awhile back. It's a disappointing application that used to be decent. I'd give zero stars if I could.",negative
🙂👍,positive
almost the most reliable at all times,positive
"The primary strength of Facebook is its sheer scale. With billions of users, it is the only place where you can find almost everyone—from childhood friends and distant relatives to professional colleagues and local business owners. The ""People You May Know"" feature is exceptionally accurate, helping users rediscover lost connections and maintain long-distance relationships through a mix of posts, life events, and instant messaging.",positive
manchun kumar....10k,positive
very pathetic experience facing nowadays do not understand is there ads between the video or video between the ads as the new version updates the number of ads also increase the worst experience facing currently do look into it,negative
love yourself 🫰👏🙏,neutral
♥️♥️,positive
Facebook automatically adjusts setting without your permission! Playback quality on videos and nonstop repetitive ads which the button to hide does nothing. Sometimes it seems the algorithm was written by toddlers. I swear I see the same 6 ads over and over. But not many Status updates. Fact checkers and what Facebook decides to show me less of vs the garbage it wants me to see. Feels like the algorithm is actively working against me. Terrible app and company... 0 stars if possible. f fb,negative
Why my Facebook Account is suspended for no reason pls help me huhuhuhu I need my Facebook Account for my studies,positive
its nice,positive
I Give 3 star because my account was suddenly Suspended even I didn't do something wrong with my account I was shocked after log in my account the system gives me notice that my account was suspended then I appeal already but until know I can go back on Facebook this is my first time experience this kind of problem I don't know why? My Suspended Account name is Steacy Le Xie I hope Meta I will use my main account again thank you.,neutral
free fire id ka liye achha hai,positive
"UI is constantly changing for no apparent reason: buttons move, video controls change, etc. Every day something is in a different place. I also can't change the tab bar buttons, even when I try to hide Reels and pin Groups, the Reels button always shows. Why have an option to customize if it doesn't work?",negative
i like This app it makes everything easeir for me like when i upload a video it takes no time to post❤🇿🇦🙏,positive
backup to my acount,positive
"So far, enjoying myself. 💯",positive
everything well,positive
this is useful for me,positive
মাশরাফির,positive
i am tired of getting notices on my phone. I keep noting I am not interested but the ads keep coming with anoying frequency. Stop the afs to download the app. I have no useful purpose to be on social media!!!!,negative
good morning 🌅 जय राम जी 🙏,positive
"you guys disabled my old account, saying it violated any thing but it really doesn't. please give it back to me i badly needed it because it is the only thing i have my papa's remembrance. my papa's already dead so i put our pictures in my Facebook account but you guys disabled it. pleaseee im begging you",negative
time pass.....!!!,positive
Love you 😘,positive
"thanks ,good service for Facebook",positive
accha hai I am happy 😌,positive
so beautiful ❤ ❤ so nice,positive
I can't get into the Facebook account,negative
the application is very usefull I like it,positive
Recommendable.,positive
🤩🤩🤩,positive
kindly active my Facebook account I will follow your community guidelines I am not doing anything illegal my account se fear plzz active my account,positive
I've always enjoyed the Facebook app experience.,positive
Great People Great Service,positive
𝕛𝕦𝕤𝕥 𝕟𝕖𝕖𝕕 𝕓𝕒𝕤𝕚𝕔 mode,positive
it's easier to use and smart,positive
delusional!,neutral
Facebook is now also making videos go viral and is giving tough competition to YouTube.,positive
very very good app,positive
delete app,negative
awesome and fantastic,positive
I can't change my password,neutral
great app for communication in social network...,positive
my all-time favorites app,positive
not bad but sometime it's very annoying to wait until..,negative
"Terrable since I updated my Facebook,things missing and things being added that I do not want on my timeline,what's going on with the new update?",negative
bongok punya app.. setting auto update ikut suka ko je.. nak cancel tu punya la susah.. korang kene cek.. sebenarnya dia boleh auto update kat background.. bukan melalui playstore,negative
facebook and meta do an amazing job at collecting our data and selling it .,positive
can you bring back when searching something you can see all the post that people post about the keyword that you search. hate it when you search something and all i can see is a reel that not even related to what im looking for.,negative
"Ứng dụng tệ hại. Lag, hao pin, theo dõi người dùng. Đừng cài.",negative
nice aap nice security guard I want to change my password help me,positive
ok hain,positive
good job,positive
always rotate when click comments,negative
Facebook is a cesspool,negative
💯 Jaisa Karni Vaisa Bharni,positive
super smooth,positive
fazool,positive
keeps crashing and lack of privacy even with privacy settings on,negative
very hang,negative
very big update ang no change to update this app,neutral
very nice 👌,positive
I want my Instagram back META,positive
beautiful ❤️🌹🎈❤️,positive
"I am beyond frustrated and honestly heartbroken with Facebook right now. After over 20 years of having my personal account, it was suddenly banned without any real explanation or meaningful chance to appeal. This wasn’t just “another account.” This account held decades of memories photos, conversations, life events that I can never get back. On top of that, I was the sole admin of a memorial page for my cousin who has passed away. That page meant everything to our family, and now we’ve lost it",negative
I really hate the tiny buttons. It makes people guess what are those buttons. I really hate updating version. Nowadays new generation's programmers do not have common sense. Why CANNOT I add in my WhatsApp numbers in my postings anymore?! Change for better NOT for WORST!!! Young programmers launched programs without testing it first. 😡😡😡😡😡 Excuse me why do you have to use smaller fonts? Hate it!,negative
good evening,positive
postingan ampas semua yg keluar dari page yg tidak pernah saya ikuti…,negative
nice Facebook app,positive
"theres a bug while watching fyp wall.. extra video.. if you know, you know..",positive
nice apps 👌,positive
"Facebook is very good, it reminds me of old memories. I am grateful to Facebook for bringing all social media together and managing it very well. I pray that it will do something good in the future.",positive
its okay,positive
durjoy,positive
stop with the ads!!!!,negative
We'll Done,positive
it is great to be connected with family even tho they are far away.,neutral
वेरी नाइस main Facebook profile per kam karta hunफेसबुक सपोर्ट,positive
thank you for good morning,neutral
"This new update honestly sucks. The pages and channels I actually follow never show up in my feed anymore. Instead, my feed is full of random pages and groups I have zero interest in. What’s the point of following pages if their content doesn’t even reach me? The whole experience feels frustrating and completely out of control. Please fix the algorithm so users can actually see content from the people and pages they choose to follow.",negative
Yoga sessions with Pooja are deeply satisfying and uplifting. She truly understands the mind body and energy connect!,positive
good app.....,positive
super 💯💯💯,positive
"It's Facebook, it's alright. Easy way to keep in contact with family. lol",positive
SAIF ULL ❤️❤️❤️,positive
METAA IS SOOO STRESSFUL FOR EVERYONE WHO GOT THEIR ACCOUNT SUSPENDED WITHOUT EVEN DOING ANY VIOLATION!!!,negative
enjoying,positive
too much ads l don't even enjoy it even,negative
Worst app . Specially recent times. Every time it wants update.Think this is now at its worst stage,negative
Best app ever,positive
"Facebook is still the best of them all ,it is the uniting for me # topnch #",positive
best social media platform,positive
vip application,positive
BB ni hn un ok,positive
This Facebook is the best on videos Quality and post,positive
So cute and adorable and beautiful from Kael Zane Tillett,positive
bring back my account why u always restricted it what did I do? plsss bring back my account,negative
"aftar ea few days ago, may phone was gone. today i bought a new one. then install Facebook . I already have an account on Facebook before. but after login... all Facebook updates r not working. ,",negative
helpful enjoyable,positive
Up 👆,positive
"when i am watching an interesting reel and switch to another chrome to search for infor for few second, the page is refreshed with another reel and now i cannot find it again. i face this problem many times so i uninstalled this app",negative
perfect performance,positive
absolutely it's is best apps,negative
Best social media app. But the capacity of the app getting bigger day by day.,neutral
lovely 😍,positive
It's Great to See Online Buying Plants from this Nursery,positive
There should be a left-handed mode in reels for disabled people,neutral
public figure if you get it,positive
"one star, because now, they force ads on me",negative
"i can not explain how frustrated i am on this app. all my Facebook accounts got suspended and i DON'T even have any violations, and evertime i make an account, it always gets suspended too. i am this close to reporting this app.",negative
"Best, social network app",positive
us,positive
give us a marketplace only app,negative
very nice 👍 👍👍👍,positive
Think you Boss,positive
very satisfying,positive
it's great.,positive
God punish Mark Zuckerberg why would you guys just suspend someone's account just like that. If you don't want anyone to use Facebook again just delete it from the internet. This is very painful.,negative
nice😍😍,positive
"Nice social apps that made connection for family and friends. Have many social groups that I can got any information and news. However, when I watching reels, I hate when the ads pop out even tho the video not done yet. That's so annoyed.",positive
best aap h,positive
all my account disable,negative
"i don't know what to say but facebook do your thing, my account got locked last year. they need an Whatsapp code, but here's the catch my Facebook have 3 phone numbers. the two number where they send the code is not available and the other one that I'm using now is not in the option??!?!! how comee",negative
Bestest app Facebook,positive
I love you plystore,negative
Facebook is use fine,positive
"Can't add new people i just met in person click ""see more"" & it won't show the whole post",negative
world no1 app.. thank u..,positive
Is the best social media to get more information,positive
no opened ha pero ng nagka meta Ang Facebook mas lalo lang nawalan signal na kahit auto update di naman nag a update huh anyare mas ok pa Yung dati ay,negative
I think Face book is GREAT!!!! I LOVE MEETING NEW PEOPLE,positive
great apps🥰🥰🥰,positive
song prblam story reels pe hindi ya bhojpuri sang nahin aa rha hai,negative
it's totally amazing,positive
"constantly changing, dwindling users, increasing adds, programming changes frequently break functionality. privacy issues. posting is no longer intuitive to an average user.",negative
can not remember face bookliite code.Set auto installation on this phone. l can't install the new because I can't request for new code.,positive
oo yup 👍 in.i... n,neutral
"May Facebook acc"" Bitoy Gaton"" got suspended for 180 day. Even I appeal there no uses and no guarantee that it will be fixed. That acc I very important to because I used it to contact may family and friends. I used it all to contact may coctumer. I prayed that may acc will be fixed.",negative
mutt marne ka app🍌🍌🍌🍌,negative
worked good,positive
good enough 👍,positive
app very good 👍😊,positive
the best app you can use to find and communicate to loved ones.,positive
So nies,positive
feeling great full,positive
I kinda enjoy taking my time on fb as always,positive
plz dont force us to see stories in new feeds.. some people i dont want to see theirs.... Thank you,positive
"This is not a social media app anymore. It is just a media app. Socializing is not the priority. Plus, now it ads some stupid MUSIC that doesn't even match my style to EVERY PHOTO I share as a Story. Total collapse. And they are confused why people leave this platform. 😂",negative
Ops🥰,positive
10/10👌,positive
goood ap Facebook,positive
"18, se kam umar ua re vala download nhi kre",positive
very good nice 👍🙂,positive
Very good Content creator,positive
very good i like it,positive
Facebook sucks they block you for no reason after over 20 years and they remain uncountable for explanation. I lost 20 years of photos and memories,negative
very good 😊,positive
Facebook ko kholo Facebook Jo account khojo Facebook Facebook khoj wale,negative
"Absolute rubbish! And that's putting it very mildly. It's not Facebook that's rubbish! it's this App that is rubbish!Everytime login and after inserting password, go through security and reset password. And even after that, the same applies. Even uninstalling and reinstalling this rubbish, the same happens. Even clearing out Cache and Data storage doesn't work. Enough is Enough; I have uninstalled the App and if I could, I wouldn't give it a single star. But can't do that.",negative
just great,positive
trying a picture 🖼️ in place,positive
facebook is the best platform in love it,positive
favarate app,positive
best message fb,positive
very interesting app. literally take seconds on messaging and stuff,positive
this app is working,positive
new,positive
Just wow 😳,positive
facebook consistently refuses to remove posts after being reported that are fraudulent with the intent of stealing information. It doesn't go against Community Guidelines according to Facebook.,negative
bad for you.,negative
🦅🫂🙏🏾,positive
news live,positive
is funny and good,positive
Why always music is playing in background,negative
Facebook shows me more ads than friends posts.,negative
please support me my account problem view nahi aata hai,positive
so beautiful ❤️,negative
"very good Facebook connected by chatting,i love it ❤",positive
I just created an account. I was banned immediately. What is it? I am banned from creating an account now? Please fix it. I have used up a few sim cards.,negative
hey why my profile will be removed,positive
verry nice for communication to each other good to see my friend here,positive
"Something is wrong with my mobile interface that I had to uninstall and reinstall the app on my Infinix GT 20 PRO. If the dark mode is the problem, I'll just have to disable it for the time being while waiting for the fix.",negative
"Cancer of social media, it's just a portal for forcing ads and nothing more, Marketplace is full of scams and drug sales, how is this company allowed to exist?",negative
i am back,positive
nice looking,positive
The blue app is great,negative
there's always a bug especially when watching videos. videos are not aligned so I couldn't 100% watch the whole vids.,negative
I really like the Facebook app. This app makes it much easier for me to communicate with friends from other countries. Great! Very cool. I'm hoping to catch up with the newest layout someday. I want that dark mode so it looks really cool in my eyes. Thanks! FOR THE UPDATE: I gave you one star because you suspended my main account without due consideration!!,negative
"I just made a new profile after not having one for a long time and I can't wait to make friends, I just wish there was a way for me to see the locals even if I don't know them yet.",positive
my life ❤️,positive
no my video follow,negative
fantastic app,positive
Just wow,positive
Very good,positive
ugh,negative
very good quality,positive
Good quality,positive
"Why always log out my account??? I had a lot of device, laptop, tablet, and cellphone for only one account and it's always logging out!! A lot of bugs too🤬",negative
Best service,positive
reporting sexual ai child smut does nothing,negative
"Absolutely fantastic evening at Darlington Hippodrome to see The Shoop Shoop Show, I sang my heart out to every song. Brilliant performance, would 100% recommend any Cher fan to go and see it. Love, love, loved it, well done team, be very proud of yourselves & the show you delivered.",positive
👑️♥️,positive
Nice App,positive
"I am not able to login to my account as i forgot password, and there is no option to reset it",negative
"uses too much space and memory and i CAN'T delete this app. don't install this app. you'll never be rid of it and it's spying and hogging your system resources. if I could rate it negative it would be negative 5, not a 1",negative
I have been disabled unfairly. I have been unable to contact anyone to discuss this incorrect action.,negative
jannat janna,positive
Very good 👍,positive
helps to find my own place,negative
my favorite by far.,positive
thank you 🙏So much feacbook members,positive
Good5 way to stay in touch.,positive
I love you Facebook,positive
আমি কুবি দুক্তি তোমাদের জন্য আজ আমার কোনো কিছু করতে পারতাছি না 😥😥,positive
Just okay but just the story graphics,neutral
"Sometimes you cry, sometimes you Laugh, sometimes you see things in awesomeness and sometimes you curse. There's Doctors, Vets, Fairy's, Sheds and I think toooo much to name. The best part is that when you look for someone, you have options to see, and find what you're looking for. To Facebook Thank you for the opportunity to explore and enjoy all you offer .",positive
"remove your data mode, it's annoying and disturbing, and I can't tap it to off it myself",negative
Ads are dynamically popping up in the middle of the screen as I'm trying to look at/read a friends post now. That's just ridiculous.,negative
New Life ❤️❤️❤️,positive
sound not clear,negative
"mere facebook reels viral nahin ho rahi , pales Meri video vairl kar do , viral ho jayengi to main 5⭐⭐⭐⭐⭐ star doongi",negative
more wisdom,negative
This is nice app,positive
so supre app to facebook very nice 👍👍👍👍,positive
Would love to give a negative rating. FACEBOOK is worst designed a third rate useless App.,negative
disturbing me,negative
Thanks You Much,positive
Everything good,positive
network setting,positive
my account got suspended for no reason...I tried to fix the problem but they are not solving my problems. Please fix my account 😭 I have work to do in social,negative
suspended my account for no reason i didn't even violate any rules,negative
Ek hou van die storie dis nie voorspelbaar. En dis die Beste Afrikanse al die episodes is so eg Afrikaans. Ek sien die Land en mense wat saam Lief en Leed deel. Al die Meubels is sorgvuldig gekies en Pas by elke program. Droom van so n mooi duursame Sitkamer stel,positive
Face book is best useful social app 😊🥰,positive
Come Love 😌 my tym,positive
reel video not full screen on oppo k13 turbo pro ... just on reel video option ... hope your team will fix it ...,neutral
lol - facebook is facebook 🤷‍♀️ social media has it's ups and downs. I would like to try something new however,positive
Best App Of Social Performance,positive
"Because you'll change the tab (Like, Comment and Share). And I don't like this.",negative
stupid app,negative
it's very very good 👍🏾,positive
ok thanks,positive
best of facebook,positive
"Great platform to stay connected with friends, family, and discover interesting communities.",positive
IMPROVING AND EFFICIENCIES INCREASING. THANKS.,positive
video status coming play videos status Facebook status video coming not bad 😔😞😔😞😔😞😔😞😔😞😔😞😔😞😔😞😔😔😞😞😞😞😞😞😞😞,negative
good app🫶🏻love it,positive
5 star,positive
too many ads I can't even watch a 1 minute video without several ads popping up,negative
bad experience,positive
"music and entertaining shows , weeding, festival",positive
veri good,positive
এই অ্যাপসটার এখন অনেক সমস্যা আগের মত এটা কাজ করে না আমরা আগেও অনেক ভালোভাবে এই একাউন্টে কাজ করতে পারতাম এখন আর সেভাবে পারিনা কারণ এখানে এখন অনেক নিয়ম কারণ তৈরি করা হয়েছে যেটা আমাদের কে হয়রানি করে এবং আমাদের কাজে ব্যাঘাত ঘটায় ঘটায়,negative
connecting people..,positive
"I just opened Facebook and had to scroll past 57 posts, yes that's right, FIFTY SEVEN posts to finally see a post from a friend or page I follow. What is the point in following pages or having friends if my feed is just full of people and pages I dont follow? Utterly pointless app that's just full of ads and things I dont want to see.",negative
love location please,positive
"this app is not reliable at all, meta is always locking my account and I can't retrieve it, even if i create a new account they would still find a way to lock or disable my account, and that's an issue, i hope you delete the whole app",negative
my choice Facebook,positive
nice video,positive
it's going good 😊,positive
"I like you face book , super fb",positive
good.....,positive
My Facebook account was disabled by mistake. I always follow Facebook's Community Standards and believe this was an error.,negative
one of the best social apps in this ear cooperative and easy to use with all available advance feature,positive
"its Get auto rotate while making comment, fix it asap",negative
"all comments should show unless changed, quit making useless features to push your agenda",negative
App using time its crushing,neutral
Osm it's like to use very easily & amazing uploading pic is so clearly like to HD quality Super apps but still update,positive
ageing gracefully is wonderful 🤩,positive
"Facebook is a platform that connects people worldwide, allowing us to stay in touch with friends and family, share our thoughts, and learn new things. It's a space where we can engage with our community and share life's important moments 🌐",positive
Better social media,positive
"Hello Dear Sir.. My Facebook Account is disabled my account Name.... has been Community disable. I Want my Facebook account Sir i'm sure i didn't break your rules and regulations and i respect you and your comunnity guidelins, sir i'm sure you have made a mistake please sir i request you please review my account again and reopen my facebook account as well as soon possible becouse sir i have linked my account other social media plateform like (pubg mobile,instagram,) and many apps which i dow",positive
love it..,positive
best fb,positive
"just let me change my page name for heaven sake, I haven't change it for 2 yrs and I'm the owner and only admin, fix your bug pls this is frustrating",negative
great truck,positive
behtarin,positive
"glitches, lots of bugs, can't open messages in the app, regularly errors and can't load sections of the app, can't update Facebook marketplace listings in adequate time when updating Facebook marketplace listings. there's no save button visible when updating listings. The bugs in this app go on and on",negative
awsome,positive
naice,positive
very bad due to banning of page. knowing we didnt do anything wrong but it still proceeds to say that we violated some stuff which we didnt. no warning or anything it directly removed our page.,negative
nice foroyou,positive
just happy,positive
👍 good,positive
Lots of ads. It basically broadcasts fresh nightmares daily. The AI is obnoxious and forced on you. The algorithm connects you to things you hate because that still beverages engagement. Some of the memes are funny.,negative
very good 👍 facebook,positive
Thank you Facebook,positive
veri good very nice,positive
Thank for the wonderful app.,neutral
gud,positive
"The Facebook app is the greatest, I love using this app to keep in contact with the ones I love especially Family Members. It's great and all but the recent update didn't do Facebook Posts justice. It made it look like a link was posted but when you post the photo or video it just shows just that. Please Fix!",positive
great app,positive
osm,positive
Good job my Facebook,positive
nice for entertainment and to connect and network,positive
"Facebook is a great platform for staying connected with friends and family. It lets you share photos, updates, and memories easily. The app also has features like groups, marketplace, and events, which are useful for both personal and community use. However, the app can feel a bit cluttered at times with too many features and ads. Overall, it's still a solid app for social networking and staying in touch",positive
Very Excellent,positive
😘🕊️,negative
super working 👌,positive
this version doesn't have dark mode😡,negative
"""Facebook Still the best way to stay connected with family and old friends. I love the 'Groups' feature for niche hobbies and 'Marketplace' for local finds.""",positive
very good platform for social man,positive
Satisfaction.,positive
I thought it was good,positive
Facebook,positive
nice experience,positive
my account got disabled and so useless,negative
can't login because always login expired using Xiaomi pad 6 android 14,negative
this is the best app ever made people stay in touch always.yes we can not seen each other every day but we can talk every day.And you can find one of your family here if you are looking,positive
Excellent 👍🏻,positive
bahot achi aap Hy yaar mzaa AA Raha Hy,positive
OkOk,positive
সুন্দর অনেক💔💔💔,positive
I push the wrong button setting for Facebook 😂,positive
Great place to visit,positive
nice 🙂👍,positive
he's one of my idol in social media...,positive
great though slow sometimes,positive
This app is does not sport good experience,negative
works good,positive
one of the best,positive
facedook saimaw,positive
last update of the notification is bad that don't appear the kind of react did in post,neutral
can't answer the video call it says to go to ap settings and allow permission for camera and phone everything I do what it says it still won't function the call just vanishes and disappeared from my Samsung galaxy phone every time the call pops up I never get to answer it's a little difficult to get working properly.,positive
this site is terrible.,negative
"the app is intrusive, and no way to disable it or remove the suggestion from my home screen",negative
nice🤩🤩,positive
unable to send message problem,negative
tooo much ad now are days it getting boring now they make they ad not to go away even after viewing like it's freezing until u touch it,negative
very nice anf fast ❤️,positive
I think no one should see more than name and photo. developers need to stay out of my account!,negative
the videos are weird,negative
this app is ok,positive
Best app first time i see in🥰,positive
Loving family,positive
Facebook mein dikkat kyon a rahi hai,positive
in my Facebook have no reels,negative
"My account of more than 12 years was disabled permanently for apparently no reason. You guys have very terrible services. If you are going to disable an account then at least tell the user why or give them direct warning on the activities that they do that may get them banned. You don't do that but you just disable the user account. It's an unfair treatment of your customers. Also, why employ bots to enforce community standards? Bots cannot read and understand from context.",negative
This app is no longer creating I can't create account 😭😭,negative
Good service but can have improvement.,positive
Hello Facebook Team. My Facebook account want a verification selfie and there are comes some errors please fix it soon. Thank you,negative
Where is clear cache for media now?,negative
very good working,positive
i love this application,positive
This is an app Never used but it is good,positive
it is the best,positive
আমার ফেসবুকে লাল বাতি আছে কি করবো,positive
This is the worst app ever. I have changed my login password multiple times but still some people who knew my old password can still access my account,negative
good enjoy,positive
install problem today,negative
Good Facebook,positive
"Dark Mode suddenly isn't working! No other issues, though.",positive
PLEASE REMOVE THE ADS WHILE WATCHING VIDEOS.,negative
I can't unstall it,negative
good.nice great thanks. this beautiful place 😍,positive
ምንምአይልም ሀሪፍ ነው,positive
"I’ve been using Facebook for years, and honestly, it’s becoming more frustrating than enjoyable. What used to be a platform for connecting with friends, sharing memories, and staying updated has turned into something stressful—especially when it comes to account security and support. One of the biggest issues right now is how easily accounts get disabled or restricted without clear reasons. Imagine waking up one day and suddenly you can’t access your account—no proper explanation, no warning.",negative
face book is very good application for information and entertainment,positive
Ilike,positive
I'm tired of my feed being all your suggestions and not the pages I have actually chosen. Put it back how it used to be,negative
Nice 1,positive
satisfying,positive
okkk okkk,neutral
Happy birthday,positive
looking great!,positive
thank you 👍,positive
i like to close my Facebook account for good,negative
I am very disappointed with Facebook. I am giving 1 star because my account was suddenly suspended without clear explanation. This has affected me a lot since I use my account for communication and important activities. I hope you can review my case properly and restore my account as soon as possible. Please provide a clear reason for the suspension and a way to fix this issue.,negative
everytime i will coment on Facebook it suddenly rotate. lalo na naka higa.,neutral
I am above ten years Facebook account user custom. know I want to verify my account,positive
"Facebook has been frustrating my life since last month honestly. they suspended my account for no reason. i did break any of there guidelines at all . they have been telling me that i should show my id , and ive done that my 2 id's and my international passport . im seriously fed up. ive been logged out of my account for more than a month. and ive written many complaints to no avail. i have had this account for 7 years now and it hurts me to delete the app because of this nonsense.",negative
so beautiful ❤️❤️❤️,positive
do you like reel??? prepared for 500 thousand advertisements. more than any platform out there,negative
all the time best,positive
thank you so very much,positive
so nice this apps,positive
so cute!,positive
veery nice app,positive
"Considering the negative history of the pages origination it still is really not an option I prefer, however because it is the only platform linked to the fundraising website it will have to work. In addition, the security is continually broken and I have repeatedly reported if it ain't my passwords it is every personal cellphone etc. To include my personal account and various cards like cashapp chime etc which all have several legal chatgpt trails confirming broken security trail I reported.",negative
"I am very very disappointed.For 15 years of using facebook as a communication and storing photos and memories, meta disabled my account on April 10, 2026 for no reason. I never had a chance to appeal, it was disabled seconds after trying to appeal.It has been my way of communicating so i decided to create a new account since it is disabled permanently already. But 2 days later, it was disabled without specific reasons. For me, it was an unfair action.",negative
"please solve Facebook marketplace you can't buy and sale option.. When we receive messages on Messenger from customers, our ID gets suspended at that time. Please resolve this issue.",negative
"There's so many ads now. I vow never to purchase anything Facebook advertises to me and I think everyone should do the same until they lower the amount of ads. TOP TIP - If you click on an ad multiple times, it costs the seller money per click. May look into automating that 😀",negative
♥️♥️♥️,positive
poop,negative
"I never had any issues with it and it always served my needs. Like with everything else, there is always room for improvement.",positive
Facebook does not enforce their policies. I've reported many gruesome videos involving death and dismemberment and Facebook denies each report because its not against their rules even though it is. Facebook is also nothing but toxicity and trolls. Some groups I'm in are pretty calm though because real people enforce their own rules there. Facebook doesn't enforce their own rules.,negative
"It gives me the option to hide the Reels icon, but it doesn't actually hide it. I've been trying throughout the day. And as of this week's new update, tagging or searching for people is nearly impossible. It's only giving me pages and groups to tag or invite instead of my friends.",negative
very good 👍👍,positive
The comments should be in order chronological. There is a bug. The comments cannot be ordered anymore.,negative
"...#pada saya biarlah selamanya klu boleh,tetapi buat setakat yang selama inilah di kategerikan yang terbaiklah,padaNya sejauh mana yang buat selama ini sejak dari dahulu hingga sekarang pun masih lagi belum terlewat untuk mendapatkanya maklumat lanjut,mengenaiNya juga,untuk menyediakaNya serta untuk di kongsikan maklumat kpd umum & jugak berbagai caranya lagi boleh di kembangkanya lagi serta berbagai² caraNya lagi melalui sumber ini¿!",positive
great show,positive
very bad why not deleting or changing name of account very bad,negative
very bad apps,negative
so good aap,positive
"I am having trouble always logging in, very frustrating.",negative
Hero,positive
Mostly positive except for the flood of fake products and gambling websites.,positive
"the only reason I use this stupid app is for the marketplace and you have decided to ruin it... if im searching for something, just show me what I am searching for. you aren't going to make more money on ads, you are going to push away the people that only use Facebook for the marketplace.",negative
"ऑर्डर तेज़ी से होते हैं, स्प्रेड भी कम हैं। लोकल पेमेंट की सुविधा बढ़िया है।",positive
Literally have to update it EVERY week! And not to mention FB does absolutely NOTHING when you report posts.,negative
Nice 👍🙂🙂🙂,positive
Facebook is very important because we should Facebook to post pictures tiktok,positive
op vi,positive
very nice all time support,positive
boring,negative
"ive been using Facebook for a very long time, todsy, just today, one of my accounts got restricted because I didnt follow community standard. im thinking about it since facebook wont tell me specifically what is it. NOW, my other accounts including my main account got restricted. i tried to apeal for my main account and it ended up gettihn DISABLED! just waitinh for two of my accounts to review. but then i created another two and both got DISABLED! Facebook wont tell me why or HOW",negative
Are good 👍,positive
great app love it to the max,positive
scam,negative
never used Facebook and banned...,negative
nic 1,positive
@weyne Pogi,negative
It is junky software. 75% of what you see is ads or promoted. They are supposed to be so good at targeted ads. Why are they promoting golf clubs to me? I golfed once 40 years ago when I was a kid.,negative
"Only use this app to look at marketplace, I don't want ""reals"" or whatever your calling those ticktock knockoff short videos",negative
Too much adds...,neutral
this is a parasite and I should uninstall this poison from my life. But I don't 🤣,negative
"the new ""Smart Filter"" in Facebook dating is probably the dumbest update ever conceived. the premise isn't even good on paper. users are expected to type out what they want to filter for, which sounds, except I know how to type, so it doesn't work for me. I have to learn 30 years of slang just so the AI ""finna"" do it's job right... and yes, if you type like you're from the ghetto, it works.",negative
facebook best earning aap,positive
"the app is pretty slow, uninteresting, and full of ads.",negative
More ads than content.,negative
i can't deactivate my account.,negative
Session is getting expired while trying to login. Not allowing me to log into my account on mobile.,negative
better💯,negative
super excited 😊,positive
very nice support creativity,positive
cool and awsome,positive
"Whenever I'm watching reels it's showing another reel in a small screen inside the original reels, which doesn't exist on actual reels.. please kindly try to fix this bug",neutral
my facebook account get disabled.,negative
"Labai kruopstus darbas,aciu jums uz kokybiska ir greita darba xxx",positive
I've been using this app for a years now and only had this problem twice my first account got suspended/terminated for a reason I don't even know about after that it got banned unable to be use or even opened or being able to be retrieved so I made a second one it went well but last night I got another notification that my account got suspended I haven't even done anything that doesn't follow the community standards and I hope Facebook fixed these problems accidentally suspended a wrong acc!!!!,negative
Very happy 😄,positive
sus you,neutral
please help me,positive
happy,positive
good,positive
dear Facebook,negative
"i get bug, but Facebook not clear the bug",negative
nice 🙂🙂🙂,positive
life can bee crazy but Facebook is for friends for life figure 8 yall,positive
"My account has been suspended for no reason. Even after appealing, it's still suspended. Restore my account please",negative
kya faltu app hai ldkiya reply hi nai deti,negative
viedo play not properly,negative
my likes it,positive
"I really enjoy using Facebook to stay in touch with friends and family. I appreciate the transparency upgrades regarding privacy and the option to choose between public and private groups for different interests, like military service. As an admin and moderator, the tools to control group privacy and content are excellent.",positive
I'm uninstall the app ads are now 5x what they used to be greediness is all you care about,negative
my account just suspend now and I don't know why Facebook suspended it..,negative
great work needs more work,positive
super 😊,positive
It's about time you added a dislike button to effect the algorithm,neutral
facebook is very interesting app in this app we learn how to earn money and many things,neutral
"not unlike before,now it's really bad update.",negative
Facebook very nice,positive
🙏🥰,positive
Good 😊 👍,positive
I can not get on Facebook i have singed up several times and each time denied with no explanation as why I have not done any thing wrong,negative
it really important and enjoyable,positive
Love you,positive
it’s my favorite,positive
Facebook gets deleted even when no one deleted it other than that every thing is fine,neutral
happy all time,positive
Omg,positive
very good to going with Facebook,positive
Very bad,negative
"""Facebook is an amazing platform for me. Here, I can keep in touch with friends, meet new people, and get updates on my feed. I also learn a lot from the groups. Messaging is super easy on Messenger. All in all, Facebook has become a part of my daily life.""❤❤",positive
It will be blazing fire💐💐💐🔥🔥🔥,positive
नाइस,positive
beautiful app with nice graphic,positive
"Latest update wont let me share reels to my feed and makes them two dimensional links instead. I am on FB to share nostalgia videos, NOTHING ELSE. So my reason for using Facebook no longer exists. kthnxbye",negative
💕💕,positive
"I do Love The Facebook App, but the Text Delights isn't working, but other than that I Love It. Now this app isn't sending me notifications tones, the settings are correct but it won't send me Notifications tones. Getting very frustrated 😤. My Facebook account has a bad connection and I can't get on my Facebook Page to see it. PLEASE HELP!!!!!!!!!!!!!",neutral
always suspend my account without explanion,negative
desidero riaprire facebok bertoldi livio,neutral
The latest update is not compatible with older phones and is causing it to freeze and crash 😤,negative
rinku gupta,positive
alhamdulillah facebook is very dangarus killer,positive
to much info,negative
My Facebook does not work how do I do it to work?,positive
my love Facebook messenger and Mg my phone 📱,positive
very pretty.,positive
Facebook is one of the most useful apps today in the world so by this case I say thanks from all developers that make big changes to the universe.At the End: thanks from Facebook for connected people all over the world. with regard....A.s,positive
I love facebook,positive
good check your versions,positive
you randomly Restricted me for no reason what the hell was that for?,negative
absolutely 🤩,positive
"locked out of my account I've had for years and no matter how I try it refuses to let me have access back,I even tried to make a new one and it deleted it completely for no reason,now I lost all my wedding,kids and memorable moments photos as well as my art work photos and there is no contact info to fix it.that is wrong and I'm highly debating taking legal action to resolve this",negative
it used to be a superb way to keep in touch with friends and family now it is so full of ads you can't even hardly see anything your friends and family share,negative
the app is useful but the community standard i dont think so because they disabled my account without any reason,negative
Great performance and does the job well.,positive
Sahi,positive
ok 👌,positive
I really love this.,positive
"When I'm trying to verify my ID card, The Facebook started swapping itself , I'm shocked, Littrly Facebook app gone crazy, fully crashing",negative
learn,positive
wow wounderful ☺☺,positive
nice to catch up with family and friends,positive
This app is so helpful very efficient and useful,positive
so most powerfull apk,positive
Best performance,positive
R...k...d,positive
verry nice 🙂🙂🙂,positive
my love story',positive
This app takes me to the places I've dreamt😆,positive
Facebook would not allow me to Log in with my birth name LOVELY DOWNS???????,negative
nice🙂,positive
Thank you so you mujhe support karne ke liye,positive
nice 🙂,positive
my account was disb what's happening,negative
awesom ... my favourite app,positive
great I love this app,positive
Best app,positive
"Facebook has been a great place for entertainment and funs, and also chatting with family and friends that are faraway from my end.",positive
automatic purchased 😩,negative
do not need or trust,negative
verry good 👍😊,positive
Help me,positive
"worst support, or we can say no support at all. Removing big groups without admin fault",negative
"My Facebook has been closed for almost 20 days now. I am trying to log in but it is not happening. I have tried every method and I am very worried. Please Facebook team, please help me and open my account.",positive
Happy Birthday!,positive
"amen Lord, salamat, kaayo",positive
instagram se bhadhiya hai 🔥❤,negative
not good not bad but really nice,neutral
It's great,positive
Facebook is the best platform for content creators,positive
👍👍👍,positive
you are awesome,positive
thank you for letting me connect with people in my area,positive
super 👍,positive
some time sexual videos,negative
I love boming in Facebook,positive
The app has excellent security you have to go through a 2 step verification I highly recommend this app.,positive
not good service,negative
Đăng nhập tài khoản của bạn mà kh được😌,negative
เป็นดาบสองคม ทำให้คนเราแลกตัวตนเพื่อสัญลักษณ์ทางโลกออนไลน์ ที่สามารถกลับมาทิ่มแทงตัวเองได้ตลอดเวลา,negative
he not viral my videos I am a content creator but no chance here for my success,negative
Mera account Jo free fire ka tha usne yah bahut achcha achcha collection tha vah account hack kara diya gaya hai iski galti pure Facebook company ki hai Jo dusre ke mobile mein automatic login kar dete Hain jiske Karan hamara id ban ho jata hai yah hack ho jata hai ismein in log ka hath rahata hai yah dusre ko login karne de dete Hain OTP vagaira kuchh nahin batate Hain number bhi dusre ka jaldi jod lete Hain yah Facebook ki galti Hai yah Facebook ki galti Hai Facebook mein password nahin batay,positive
good Apps,positive
I want facebook with virus free and no scammers allowed,positive
works well to be honest,positive
"nice one ' agree ako Jan, sna not to tempuraly lang, para' PG maluwag sumisikip eh' I salute you💞 sir mom...💞",positive
great 😊👌,positive
Best 👌,positive
❤️👍🏻,positive
Thanks Facebook,neutral
ever since I updated this app. it keeps rotating when I want to comment. I don't need that auto rotating on my Facebook. take it off,negative
❤️‍🩹💗,positive
This is patriotism.,positive
thanks you restored my Facebook account..everything is perfect nothing missing as I'm using new fone everything downloaded as it is,positive
nice 👌👌,positive
lag/log,neutral
bowed beath,positive
poor,neutral
"extremely buggy and sometimes unusable. videos glitch, videos restart if you flip you phone to the side, and continues to play videos even after you turn off the display on your phone. garbage app.",negative
cool but sometimes 😁 too much ad these days.,positive
I am enjoying the app,positive
too slow,negative
What's up you it's the best,positive
Useful apps,positive
"Very Supportive, I am very happy.",positive
i can't reset my password because it wants me to login using my password dumbest thing i have ever heard off,negative
I am using 15 year also but Facebook not recommend my something,neutral
"I reported some porn videos but Facebook review team is saying that these videos can be viewed by people above 18 years of age. Due to this, Facebook has now become Pornhub.",negative
"""Facebook ka naya update kaafi smooth aur user-friendly hai. Interface pehle se behtar lag raha hai aur navigation bhi aasaan ho gayi hai. Is behtareen experience ke liye team ko shukriya!""",positive
I think this App is theift our personal data and its a Security Risk.,negative
"it is a very useful app for me personally ,loved it so much",positive
ممتاز جداا,positive
i hop very experienced this app very cool and good 👍,positive
Boring app.,positive
please do better,negative
"Facebook trasmette a BlaBlaCar informazioni personali che BlaBlaCar mette in vetrina, nonostante dovrebbero essere oscurate in base alle preferenze espresse sul sito. Se uno si lamenta con BlaBlaCar ottiene risposte elusive, ottenere risposte da Facebook è ancora più difficile.",negative
goooood,negative
Please add profile picture frames for Buddhists. Almost all denominations are available for a frame besides Buddhists.,positive
you okay,positive
"if you like your app to autorefesh on you so you loose what you were just reading, this is the app for you!",negative
this apps is amazing,positive
Lags a bit when I upload something and then it shows the items but the pictures don't show up... I hope someone fixes this because it can cause some other users like older people to think that they already uploading something then not seeing them again.,negative
operating extravagantly excellent,positive
Mash Allah Good 👍,positive
"Que bonito. Como tu, precious. Besos Teo",positive
the data and amount of data this application collects is ridiculous and definitely taking all privacy away from you and people you interact with using whatever devices have this application installed,negative
to much Karen's and fake stuff to be real on there suppose to connect with friends nope they hate you the most,negative
👍👍👍👍,positive
Bast ♥️,positive
it sucks don't want it ever,negative
It's hard to access apps,neutral
Amazing 👏,positive
Too many errors of all kinds lately. 😐,negative
nice game,positive
is nice I love it,positive
JaanUmar,positive
"They remind, I am a good person",positive
great point,positive
the best app ever,positive
best appppppppp,positive
over good,positive
दिव्य,positive
fantastic 🤩,positive
Good for earning and business,positive
the app doesn't let me log into my account,negative
thats good,positive
I can't search my facebook account in log in,negative
I love to see the dedication these daddies have for Punch and the love in their hearts for him. I love Punch!,positive
Why am I not receiving the SMS code for 'forgot password'? Please fix this as soon as possible 🤬😡,negative
"Dear Facebook Support Team, I am writing to respectfully appeal the restriction placed on my access to Facebook Marketplace. I do not understand why my access was blocked, as I believe I have not violated any policies. I am a photographer and recently listed two cameras with accessories for sale on Marketplace. I provided clear photos and detailed descriptions in English, following standard selling practices on the platform. Please clarify what policy I may have unintentionally violated and r",negative
that app is good,positive
preinstalled trash,negative
"terrible ads, algorithm force feeds you junk, lies and dirtbags. full of hate and lies.",negative
nice guy,positive
excellent performance,negative
My account got randomly disabled even though I am following the community standards and did not violate any of those. The fact that I uploaded my selfie for verification and minutes after I received an email that my account is permanently disabled. I'm disappointed because that account is so important to me I have my connections with my friends and that was my one and only account that I created ever since. I hope my account brought back.,negative
फेसबुक को धन्यवाद करता हूं जो हमारी यादों को समेट के रखना है,positive
restricted and disabled acc. due to advertising? even though I Didn't advertise. Slow and wrong results.,negative
very good app mind refreshing app,positive
use able to find my friends family and stalk someone lol😆,positive
I LOVE YAOU,negative
my Facebook video is not real real screen,negative
wonderful 👍,positive
wonderful app,positive
Facebook is evil,negative
I am open Facebook but autometic gone the facebook lite.,negative
Very nice app...,positive
"The new update again is not very good, it's like splicing the screen especially when I tap my profile you can't barely see the cover photo!!! What's happening? I cleared all the data and deleted because I thought the problem is my phone but no it's still the same.. FIXED THIS PLEASE",negative
Yey,positive
"They disabled my account without a warning or anything!! I don't know what really is the reason!! My account was maybe 8-10 years to me and it was gone just for a second. There's a lot important thing in my account. For school, work, and my small bussiness page. They're all gone, idk what to do now. Feels like I swallowed a big stone and my head are drowning because of what happened.",negative
"I can't watch live on my facebook it says ""something went wrong""",negative
God is good...,positive
Bueno,positive
good app Facebook ❤️❤️❤️,negative
outstanding app for me🥰,positive
ခဏခဏbanနေတာ အဆင်ပြေမနေဘူးနော် ဇူဇူ🙁,positive
luv this app it's a alot of fun with the game,positive
same time not good,negative
better app,positive
"I'm interested,,it matches my skills and knowledge",positive
"Hello Dear Sir.. My Facebook Account is disabled my account Name Muhammad Zubair has been Community disable. I Want my Facebook account Sir i'm sure i didn't break your rules and regulations and i respect you and your comunnity guidelins, sir i'm sure you have made a mistake please sir i request you please review my account again and reopen my facebook account as well as soon possible becouse sir i have linked my account other social media plateform like (pubg mobile,instagram,) and many app",positive
"I am unable to access my Facebook account. Whenever I try to log in, I face errors like ""Content Not Found"" and ""Too Many Redirects."" I am stuck in a login/checkpoint loop and cannot recover my account. I have already tried clearing cache, using different browsers, and logging in from different devices, but nothing worked. This is my own account, and I request you to please help me regain access as soon as possible.",negative
don't connect to computer or laptop etc,positive
muy buena,positive
"I dont want to see reels, forcing into the navigation bar and not allowing to at least move it away is stupid, why push reels so hard? Is instagram really that dying and terrible of a app too",negative
very good and bad,negative
great view,positive
yau are biyuti full,positive
"One of the worst face verification system in Facebook i have ever seen. Even After taking my live selfie video FB authority has disabled my Facebook ID Although I have passed all step of verification. Disgusting one, Almost 10 years old I'd is Disabled by FB😢",negative
Facebook mein content monetize,positive
Socially the best.. and I'm more awkward than the rest!! LoL 😆 🤣 love it..,positive
thanks i love this❤️❤️❤️,positive
Love you facbook community☺☺😇😇,positive
"Had to factory reset my phone due to some unforseen circumstances. Have attempted to log back in multiple times with no luck, and every option to get back into my account has not worked. When attempting the final video selfie option it just keeps spinning and spinning when I put in the authentication code. I understand the need to protect our accounts, but you're making it so difficult that even the actual account owners can't get back in to their accounts either. 1 stars for me, no question",negative
very interesting and fast,positive
So super 👍👌👍,positive
🥰🥰,positive
wow nice 👍👍,positive
Great but needs to be add free while watching videos. At least till its over.,positive
"While scrolling through Facebook video stories, I encountered an ad from a Facebook page that got stuck. I couldn’t continue tapping, so I had to close and reopen the app. This happened on an S26 Ultra, Android version 16, One UI 8.5.",negative
can see some text,negative
FB is good 100% recommend,positive
The app is hacked,negative
please fix may Facebook esho,negative
My marketplace account was flagged by AI and suspended and you can not appeal the decision. A quick human review would resolve the issue but there is no way to request one.,negative
having a better experience doo nit still on Allah's favour.. 🌹,negative
sarap,positive
আমার সুন্দর জীবন 👍কমেন্ট ❤️শেয়ার করো 🙏🙏🙏🙏🙏🙏🙏🙏🙏🙏🙏🙏🙏🙏🙏🙏🙏🙏🙏🙏🙏🙏🙏🙏🙏🙏🙏🙏🙏🙏🙏🙏🙏🙏🙏🙏🙏🙏🙏🙏,positive
mom mm,neutral
Is not useful keeps on pooping on,negative
Facebook is alright kwaai,positive
too many ads and unregulated content,negative
can't remove reels from the tab bar at the top. most annoying thing ever.,negative
keeps going in and out having me to resign in.,negative
Very informative and very good professional,positive
သုံးရတာအရမ်းအဆင်ပြေပါတယ် ကျေနပ်တယ်ဟ,positive
thank you,positive
omg,positive
hi Facebook why my acc is suspended?,negative
"worst app ever. i made a new facebook account by with my number. i linked my free fire I'd with it. i turned on two factors verification so that my account stay safe. but when I tried to login back , I don't get any otp . it's saying that we have send an otp through sms and WhatsApp but I don't get any. finally my gaming I'd is lost just because of facebook 😡",negative
the more Facebook updated the less Facebook brain,negative
"worst app, you guys are ruining my wife mind 😡😡😡, delete your app",negative
bulok haha,negative
when ever i touch full screen button on reel it's half shown and half 2nd video shown kindly fix it,negative
"It's too bad, every time I try log in using email or phone number it always wanted to make me log in to a weird woman from somewhere else",negative
nice app he is Facebook,neutral
"Facebook is a great app to stay connected with friends and family. Easy to use, lots of features, and always something interesting to explore. Perfect for socializing and discovering new content 👍",positive
thank you for support meta analysis is the followers 🙏❤️😊,neutral
"it's like a drugs, many peoples are using FB may be thy thinks FB is very important then then other things in life",positive
10🇰,positive
better social media platforms,positive
my account is disabled and suspend very sad so days,negative
welcome 🤗,positive
ultimate ❤️,positive
تحفه اوي,positive
"I don't like it personally, but good for 18+ people but not for under 18 kids.",neutral
Fb very good i👍,positive
Kuchh khash nahi,negative
very good fb meta,positive
this app is awesome 👍,positive
good connection for my friends,positive
good but too often disabled accounts with out considering appeal sent.,positive
👍🏼,positive
"Facebook is a good entertainment platform, but now it is full of vulgarity.",positive
use for years,positive
very very very very very good,positive
doesn't do a thing,negative
Bugs have To fix,positive
Nice Facebook,positive
message not sending problem,negative
why I can't go to messenger?,negative
is. Goode. thangke. jou. Ante. faste,positive
facebook is really good but in 2026 i cannot make a account into my new phone but as always this is a really fun and useful app in my entire life and to the inventor of this app congratulations for making a useful app for most filipino in here in the philippines.,positive
keep evolving,positive
like comment and share,negative
no way,negative
"The see more button on the block list just won't work, so",negative
facebook is great!,positive
first time favorites,positive
reel VDO need to fix please check,negative
"I need urgent help I can't access my two Facebook accounts RAWGOLD RAWGOLD and Golden Eagle please help me, i need my account back",positive
facing a lot of ADs,negative
Worst social media everrrrr,negative
please don't bost my account again 🙏,neutral
its a fine app but i been trying to add another account but keeps on saying video selfie that was on my pc bruh so i hope on my phone to do it then it wont even let me your app sucks sometimes,neutral
V.G,positive
thank you meta,positive
Very bad app,negative
very baddddd.,positive
pls don't disable my account 😔,positive
wow nice.😲🥰,positive
that guy's sign for you. Facebook do not have tiktokers back on your page. they're causing trouble. do not have them on there. if they're come on take them off,negative
বাচ্চু দাস,positive
Extrovert,positive
very much good,positive
Good apps but so much ads,positive
I don't like having my account being so vulnerable.,negative
बेस्ट,positive
they have more fun😊,positive
yeah this app is also very must,neutral
good for elders not for children,positive
"Third class app Takes secretly unnecessary permission. Most dangerous app to use,you loose your privacy.",negative
"Facebook is a good platform for staying connected with friends anc family. It lets you share photos, updates, and memories easily. The app also has features like groups, marketplace, and events, so i like it",positive
yhes 👍,positive
"This App Mostly Needs Update And Access I Can,t do that Avery time",positive
good very app,positive
"Facebook is making a lot of young youth grow both mentally free and financially supportive, I wish Facebook more length.",positive
very good Facebook,negative
hello im here to clarify my account that getting ban without warning im not a blogger but still ban im not made a post a lot but still ban what happen and explain it to me if you said for the agreement standard protocol but im not violated that i have work business on that account this is not right.Your job is to upgrade this app but sad to say it getting worse after i get banned. need your explanation about this you did my work worsen i cannot contact with them i have a high expectations,negative
super super,positive
all public se post and increase account,negative
"I have a little bit of equality, but Facebook didn't give me the right to be a professional in the settings.",positive
my account,positive
Facebook permanently disabled my account and i don't know what rules I've violated.,negative
parbati,negative
"can you please stop asking me to download the app ""for a better experience"" every time I visit the webpage??? if I was ever going to download it would already have happened so let's face it, all you're really doing now is annoying me so I use Facebook even less. please stop",negative
Love l,positive
"wla kwenta community guidelines nyo, Hindi maayos Ang pag censor at pag remove Ng mga illegal promotions and AI related content nga ginagamit Ng mga wla kwentang tao para Mang scam.",negative
Helpful app,positive
crashes anytime I make a post.,negative
"Sound goes thru system channel instead of media. Content is now about 40% ads, 40% unwanted content, and 20% content of friends.",negative
I won't to grow my account please,positive
মাশাআল্লাহ 🥰🥰🥰,positive
🥳,positive
Facebook is it's good but it's only over the tip of the iceberg lot of superficial stuff and but hey I love Facebook marketplace. lots of good stuff there,positive
🥰,positive
"""Facebook""...as a professional user.... I'm very happy 😊❤️🫶🏽",positive
fake,negative
good feelings,positive
super log,negative
5 star support id,positive
nice App,neutral
no my account is saspand,negative
good nice❤️,positive
we're slow 🦥,negative
Very beautiful apps,positive
good Lock,positive
it's good app for free,positive
you guys are doing wonders 💙,positive
besr,positive
this is very useful app for all people 👍,positive
"Reels are unpleasant on Pixel. Every other reel is cut short, as if it's not supposed to be the end but it is. I don't know if there's an upload issue with the creators or Facebook but it makes for an unpleasant experience scrolling through reels.",negative
🩷🩷🩷🩷🩷🩷,positive
👌👌❤️,positive
dood,positive
Facebook is a good platform to earn money fast and easy way,positive
best ❤️,positive
I love this app. It helps me reconnect with old friends.,positive
way to many adds,negative
"First of all, my thanks to Facebook, to all your Facebook users, I would like to say that if you work on Facebook, then put your original contact, you are welcome on Facebook also And lastly, thanks to Facebook for supporting me so much.",positive
"welcome to adbook we deliver nothing but ads and ai bullcrap to ur feed, if u think this sites about seeing what ur friends have to say then u came to the wrong platform",negative
Tap on a clip to paste it in the text box.Touch and hold a clip to pin it. Unpinned clips will be deleted after 1 hour.,positive
Fantastic opportunity 👏 Love Facebook ❤️ and I'm glad to be able to keep connected to my friends 🧡,positive
Hello Facebook team. ‎My facebook was disabled by mistake. I always follow facebook community standard and believe this was an error. how to fix my facebook account,positive
informative and interesting to hear from the mind of a 44yr old Jamaican woman.,positive
God and nice recommend myself,positive
"full of adds, I run into 6 adds trying to watch a 12 minute video",negative
it consumes my valuable time when i use this app then i fix the timer 5 minutes so that i can avoid too much scrolling 💪,negative
Awsome,positive
👍 Very good 😊,positive
it's. not boring 💖,positive
I love it!!,positive
very good aplication,neutral
"Too many in reel ads. a two minute clip with three 20 second ads, time has come to say goodbye faceplant, your commercial greed just stepped too far over the Fulcrum line. Your replacement is imminent, your fall from grace, absolute. You will not exist as a commercial operation within 3 years.",negative
A few weeks ago the app had a major overhaul and is now very buggy. Nothing is as smooth as it used to be. It seems like its a halfassed port of the apple version now.,negative
"make no mistake, this is trash",negative
"Facebook is a very useful app to stay connected with friends and family. It allows users to share photos, videos, and messages easily. The app has many features like groups and pages which make it more interesting. Overall, it is a great platform for communication and entertainment.”",positive
thanks public,positive
Nice 🙂🙂🙂🙂🙂,positive
very good 👍 app 💯 you,positive
awesome!,positive
face book page good,positive
Good Social Media Website That You Can Keep Up With You Family And Friends And You Can Always Figure Out Things To Do And Pray For Their Selves..,positive
"Been using the Facebook app more lately and it's actually been a pretty good experience. It's easy to scroll, catch up on updates, watch videos, and stay connected with friends all in one place. I like how everything is organized and simple to use. Notifications keep me updated without being too overwhelming. Overall, it's a convenient app for staying in the loop 👍",positive
ayos,positive
"Facebook can be your friend, or it can be your worst enemy. The choice is yours what you make of this world, so chose wisely.",positive
I am in love with this app. I spent all my time in this🥰,positive
The ads have become intrusive and way too often. A 3 min video will have an ad every 45 seconds. That is just ridiculous.,negative
বেশি ভালো না,negative
Ad naona noma,positive
"just installed 3rd party fb apps with unlimited credit for any slot games.start the game with online and buy any amount.choose the game then open flight mode.then i will get about 800000000000 coin and its totally free, undeducted credit and for sure...its anti banned and undetected account.",positive
Facebook is better now,positive
"I rate 1 star because Before, I still liked Facebook, but now I’m discouraged because when I watch videos, there are ads every minute. It really kills the mood, I don’t like it anymore, no doubt about it. I hate too much ads",negative
I reported many different ads for AI apps. The ads show a man undressing a woman nude. I waited for days for the results; they came but wasn't accepted. This app is out of control. 🤬😡 0 Star ⭐,negative
I love you guys,positive
my love facebook family 🌹🌹🌹🌹❤️💖,positive
the new update is just disaster disaster,negative
offline uses Normal phones,negative
"i reall love this ,but the new update was changing the name is a code it said we send a code to you Whatsapp i dont have a WhatsApp account so how can i know the code please fix this",negative
Facebook is the best of best 🥰,positive
Facebook has a virus,neutral
ok🫅😎🥰☺️,positive
love the line quality 😁,positive
"kj Tribal chief I use it for; truth , not drama... scroll if you want noise I... won't.. you dig.",positive
thank you so much facebook I'm sport 🥰♥️,positive
thanks for all,positive
Beta my facebook,positive
I love your app,positive
awesome app!!!,positive
siruppu Pala pandrum,positive
not good for me,negative
"I like only Facebook. fb is the platform for contact with everyone like that friends, family and relative . part time injoy from Facebook.",positive
sweet,positive
Daar is geen vrede om nou hiermee voort te gaan nie.,negative
very nice social media,positive
best experience,positive
"Everyone (besides the magas, because they're too brain-dead to know the difference), knows that Zuck is biased, and changes the algorithms. I see people posting vulgar, racist things, and they NEVER get reprimanded. I post something funny, and I get banned. I stay ONLY to see the Iran videos, and read the comments. Really, you suck.",negative
الصوره بتاعتي مبقتش محميه ليه فين ال guard بقالها مده شلتوها ليه عايزه حاجه تحمي الصوره متتشلش عايزه رد,negative
have turned on everything I can on my phone and it still won't work,negative
Brilliant App,positive
Facebook keeps asking my new s26 Plus if I will allow camera roll a permission to share pictures. I absolutely have no problem with that but it will not stop asking. so basically I can't share pictures from my camera roll onto Facebook!,negative
It keeps logging me out as soon as I login. I have tried uninstalling and reinstalling.,negative
not much experience with it yet,negative
mere views nahi aa rahe,positive
Life HELL,positive
"No one wants ""most relevant"" comments as default. We know you want to censor stuff you don't like but we don't want to have to click all comments very single fkn time! Ridiculous. Also, just let us disable the browser and default to external.",negative
লাইফ ইন জয়,positive
full of scam sites. predators and scam artists on the marketplace. this is litraly a app for criminals and perverted people,negative
only one,positive
Amazing Facebook,positive
is anyone else getting videos on top of videos?,negative
"nice loking, well servish",positive
गुड good,positive
got 2 luv it😉,positive
This app is very useful and helpful,positive
I'm sick of ads in the middle of reels,negative
good for you,positive
hopeful,neutral
অসম্ভব সুন্দর,positive
I want to join beta program,positive
Many bugs in android while in ios less bug,negative
Good warak,positive
this app is neat. This generation of Facebook is now a universal auto log-in for different applications and it's very convenient and I love how I can see my family's friends'posts or get news and updates. the only problem is AI on this app. my parents often get fake news and miss information from it. I hope that Facebook can have a feature that shows whether or not it a video or picture is ai or not.,positive
ដូចអាចម៍,negative
Bro it's hard to login,negative
Hermosa,positive
Don't have account with Meta Facebook. But put in my phone number and age and name. Said we can't setup account. So let's see how they feel to be in court in less than 3 weeks for a 5 million dollar lawsuit against them. Not a threat. But a guaranteed promise.,negative
❤️❤️,positive
ورشت,negative
thanks sana mabalik account ko sa Messenger,positive
"This Article Hello Dear SirMy Facebook Account is disabled my account NameRahul Bhai has been Community disable. I Want my Facebook account Sir i'm sure i didn't break your rules and regulations and i respect you and your comunnity guidelins, sir i'm sure you have made a mistake please sir i request you please review my account again and reopen my facebook account as well as soon possible becouse sir i have linked my account other social media plateform like (pubg mobile,instagram,) and man",positive
it's not working and it will not let me log into my original account so I have to go with the old account so I'm not happy about that. can you guys help me?,negative
love it,positive
✌️,positive
very nice ☺️,positive
Good luck to the store,positive
nice I like,positive
I am impressed,positive
i am very happy,positive
lol app,positive
"Reels feeling with ads, can't watch video because of it, cause video glitch, shutters,....",negative
Allow facebook to stay for long.. Stop restrictions,negative
"Hello Facebook Team, I would like to request you to please remove or disable the “Total Posts Count” feature from profiles. Showing the total number of posts publicly is not necessary and affects user privacy and content experience. Many creators prefer to focus on quality rather than quantity, and this feature creates unnecessary pressure. Kindly consider removing or giving an option to hide this feature. Thank you for your support.",positive
very bad app 😔,negative
BRAVO!!! CONGRATS!!,positive
😁 বাজে এবং ফাল্তু এপস্,negative
quick to take action,positive
my account got disabled after scanned face💔,negative
"​""Thank you Facebook for supporting creators! My videos are reaching so many people, and my community is growing every day. Love the reach and the new followers I'm getting!""",positive
life of best apps,positive
"I've not been able to access my account for weeks now following a potential hack incident, after which I changed my login details. I keep being redirected to a blank page with only the meta logo, and all attepmts to reach Meta's support have been futile.",negative
good app 👍👍👍👍👍👍,positive
"my account got suspended and permanently disabled for no reason, pls help me to recover cause that's the only account i have",negative
it's very very nice 👍,positive
Buggy and absolutely full bottle bots.,negative
awww so romantic,positive
good social app,positive
I absolutely love this place and will NEVER go anywhere else ❤️,positive
this is tha best app,positive
excellent 👍 super 👌,positive
Alhamdulillah,positive
"it's so nosey! Sometimes I may say a ""magic"" word and all of a sudden I'm being bombarded with particular ads, even though I have the mic off and don't give it access to much, it still listen. The honest true reason I'm still on it, it's because I have a lot of memories through it of my oldest sister that passed away, deleted for a few months, was so ok with that, took a very needed break, ut eventually came back. Eventually I gave up, because they make their settings so complicated.",negative
"I have Instagram app also used with Facebook from 2021 and no problem faced by Instagram but when I open my Instagram account as ""znbwr"" created difficulties so I attached Instagram with Facebook account and feel easy to open thanks",negative
lworst apk,positive
banning for no reason but not those who post suspicious and inappropriate photos! this need to be fixed! our accounts hold important things just for it to get banned without any reason. even an inactive account get banned.,negative
very interesting 😎,positive
This is a Very Good Commination app.,positive
"I am an anonymous software tester with early access and unreleased features. I modify code on my operating system to find, exploit, and resolve software bugs, coding errors, and security flaws. across Google, Apple, and Microsoft platforms and services, reality is defined as what I create. your software company gave you an unknown error. we would love to know how your world is technologically capable.",positive
chhill,negative
niceee,positive
full of bug,negative
this is amazing and I use it everyday to chat with my friends and family when thy are far,positive
very nice video,positive
Gud,neutral
ads irritate your app bad always game play irritate,negative
yeah,positive
nic app for iphone video tayar me know if that,positive
theng you fecebook,positive
best of facebook ❤️‍🔥,positive
nice app verey very nice Facebook app,positive
best fb ever,positive
Nice Platform 👍,positive
kafi arsay sai use karna bund kardiya tha,positive
"I am fed up with this app and removed completely. Even after I said no to save the passwords and remove profile, FB is asking confirmation 4 times before quitting. Tired and fed up. Users choice is not respected. Good bye",negative
very must app,positive
very great and diligence job,positive
"Give my opinion about WHAT? You haven't explained what it is that this box was offered to me in the first place, so I have no idea just what it is you folks expect me to opine about. This was a sloppy job, Google Play, one that you should be embarrassed at putting out for the public to see. Contact me again AFTER you have the flaws in this one. Then I will be perfectly happy to give my opinion on! 😁",positive
"Can no longer remove profiles from device. they keep coming back. even clear cache and clear storage is useless. closing and reopening the app, even reinstalling, your profiles is recovered on app opening",negative
"I am happy ,",neutral
সুন্দর,positive
Facebook dating is trash.,negative
ok thanks 👍🙏🙏👍👍 uugv,positive
Nice vidos,positive
धन्यवाद,positive
very nice app ilove it,positive
bad aap,negative
nice fezebook nice audeate koo,positive
Darun feedback,positive
yes sir good morning,positive
Good 7,positive
Arjnu ♥️,positive
Nice 🙂🙂,positive
good Aap,positive
Unbelievable. You all have been in the game way too long to not have this app programmed to operate in landscape mode. do you know how many people have tablets that prefer to leave it in landscape? But you just have to keep it portrait. I don't care if you do keep it portrait. Just put some black spaces on the sides and let it be landscape accessible. This is bananas. I have to open an app in split screen mode in order to open facebook while my tablet is landscape.,neutral
"My llove, Flash I remember this picture and show! Lots of fun!",positive
so sweet,positive
❤️❤️❤️❤️❤️❤️,positive
fine video,positive
"Excellent experience, thanks.""",neutral
"My Facebook account was disabled without explanation, and my appeal was rejected despite no history of violations. I am a passive user who mostly watches videos and relies on Messenger for school and family. This 'no-reason' ban is disrupting my education. I need a human review to my account properly.",negative
Why my acc have been disabled with no notification about my violation i need the explanation from the main Facebook office,negative
very bed application,negative
great app! no frills just thrill! 😍,positive
Am i the only one there is a big issued in the marketplace with scammers please do something about it.,neutral
nice and I love it,positive
beast,positive
I think this transparency is good,positive
Sobrang Ganda Ng application na Ito,positive
Facebook and any other social media should have a policy that users whose accounts have been active for 10 years should receive a Meta Verified badge as a gift.,positive
i love using Facebook,positive
my account was disabled without reason😭,negative
Life is the name of love,positive
please 🙏,positive
"I have only ever used the desktop version on my phone which has always been superior to this app, but it seems as though FB has limited the desktop site so I guess I'm stuck with this. oh well. Edit: Nevermind, using the app didn't help and I couldn't delete it fast enough. I guess I will continue to use the desktop version even though I can't access my groups, memories, or share feed posts anymore. Like I said before, oh well.",negative
mast app hai,negative
I love the vibe from Fb,positive
we good 💯,positive
wish I could be there too!! 💕🤔💯🙏,negative
hello Facebook family Mera monetize wala option hai nahin aa option,positive
I'm real sick of the ads man.,negative
much better,positive
Facebook ok,positive
This app is great,positive
I like it! It helps me to stay in touch with friends and family.,positive
because you have blocked me from sending messages,negative
It is good application,positive
Excellent😍,positive
"Facebook is just a terrible app. The person who created it lives in the past. Sometimes it lags - when I open it, messages don't load, some buttons don't respond at all. To send a message, I have to switch to facebook Messenger – it's total trash. You'll never catch up to Telegram in convenience, or even Instagram",negative
Giid,positive
buggy,negative
My favourite app and entertainment ❤️🥰,positive
yah update bahut Ganda Hai,negative
good hhgfg,positive
Parfect app,positive
Facebook needs to fix the glitches I'm seeing no friends except for the ones I have I don't see suggested friends and when I delete something it's still there,negative
Nice performan,positive
Veri nice app,positive
best of best shout out Mark Zuckerberg ♡,positive
We are all being watched constantly and I hate it!!!,negative
Oops chill chill chilling🤌🏻,positive
"The app is great, but I wish to see a feature wherein I can put photos from past posts into an album. I also wish that the web version would have an album feature.",positive
thank you very good keep up it,positive
nice 👍👍👍👍👍 oo,positive
So happy they enjoy each other!,positive
"Got banned from facebook even after I followed their steps, uploaded selfies, national ID(twice). This was a decade old account I had been using to network too, never gotten any prior restrictions, but one beautiful day I wake up and see I am banned for ""violating the community guidelines"", as I said I appealed it, uploaded ID, now they tell me I don't have a right to get that account anymore and that it will be deleted forever. There's no support to reach out to either. What a disappointment!",negative
"So far so good pero suddenly my main account was suspended for absolutely no reason. I heard things that even if you appeal for your account, it would still get banned.",negative
the worst app i have i want to watch some tf2 memes but i can't find them,negative
Such a great group of people! Can't wait for the opportunity to meet up and throw with them again!,positive
supper goods,positive
Terrible. Waste of time and strange.,negative
"No help for group admins and moderators. Facebook has really gone downhill over the years. Continuing to flood with irrelevant and porn ads. Spam bots and foreign scammers allowed to take over U.S. groups. No matter how much they are reported, the answer is always the same. They claim it ""does not go against community standards."" (Not to mention, so many people are getting hacked). So I guess it's perfectly ok according to whoever they have working there.",negative
very nc,positive
goods sya,positive
badd app,negative
Facebook is good 😊,positive
تقيل باه يمشي,negative
ayoossss,negative
Goods this app,positive
😆😆😆,positive
I have more ads in my feed than posts. videos have the same problem too with a good few playing on a video and then in-between there will usually be a small pop up ad aswell. I cant think of a justified reason to throw this on the users of the app.,negative
I don't like it and someone is using my NAME,positive
Facebook is the best platform to connect with your family and friends let's keep it,positive
l really like following,neutral
joyful,positive
this app is nice social media app,positive
'bf news,positive
Happy for the use of facebook...need some help because I make videos with hardwork 😊,positive
"The glitches are endless, the censorship is random and ridiculous, an unwanted function - people you may know (I don'twant to see), AI BOT posts and ads, and the lack of ability to share from other formats, are just a few reasons people are moving on. If I could give it a -10, I would!",negative
sending love and strength from Florida 🌴,positive
its much useful apps. but ad is very bad 😑 its have too much ad😑,positive
it's a lovely app,positive
I can't add friends from other country but this app stated that you will meet people world wide but it's not true,negative
♥️♥️♥️♥️♥️♥️♥️♥️♥️♥️♥️♥️♥️♥️♥️🥰👍💩,positive
very good application,positive
Mera ID Safal Kar Diya Ho disable se hata do,positive
nice facebook,positive
Very Nice Facebook I Love 💕 Facebook,positive
very good work,negative
Bestapp,positive
ល្អ​ប្រសើរ​ណាស់​❤️​,positive
"problen in Sharing to groups , button not working, bug in your app",negative
"Very bad experience. On my OPPO Reno 5G, Facebook cuts the top part of text in posts, especially in Gujarati and Hindi language. I tried clearing cache, changing display settings, reinstalling the app, and even changed the phone, but the issue is still not fixed. This is clearly a Facebook app bug, not a device issue. Please fix it as soon as possible.",negative
"iam a content creator,and i update only original content video,photo and update stories,but idont get content monetization tools stills now my followers 5.3k",neutral
very excellent app,positive
a molloon times over the premade stuff.,positive
goode 👍👍👍👍,positive
"Lots of fake news on facebook, show content only with blue ticks to avoid fake news in my feed. If youtube can filter out most of the fake contents, I hope facebook will do the same.",negative
A great way to keep up with friends and family.,positive
"Facebook doesn't work well. It says ""you can't send messages for 3 days."" I never posted something on Facebook, but it made my account something like that. Please fix it Facebook",negative
my Facebook account was suspended for no reason. i hope someone can help me to resolve my issue. thank you,negative
This app is a blessing to this generation,positive
Very Good 👍,positive
why is it so hard to find the groups my friends belong to?!!,neutral
very very very very good,positive
bahut Achcha hai,negative
many many ads.,negative
I would give it a five but it's hard to pay for promtition,positive
I love this app,positive
अपडेट नहीं हो रहा है please,positive
"I am experiencing difficulty watching videos properly, as I can still hear audio from previous videos. This issue is quite bothersome.",neutral
facebook godd,negative
very good awesome,positive
Is good,positive
very sweet voice n wonderful choice of song,positive
fantastic,positive
owow,positive
GREAT,positive
thanks to all Facebook family,positive
not good enough for music,negative
okay 👌,positive
🥺🥺,positive
The Best App in social media 🇸🇴🇸🇴🇸🇴,positive
well as well,positive
oky,positive
Awesome ministry.,positive
Best Social media ever,positive
Awesome app,positive
What's happening to facebook? My two accounts got suspended for no reason and I can't even recover it even after i followed the the instructions to appel it and i even go to facebook help center yet nothing happened . i'm so frustrated because there's so many memories in those acc and now i couldn't access it anymore,negative
😣,neutral
verry Nice,positive
badiya,positive
osm this app,positive
my favorite best reel and entanglement,neutral
I suggest auto scrolling button,positive
it's so fantastic,positive
dashing,positive
some video lag,negative
😡😡😡 ye toh baar baar hat rha hai aap open hote hi hat jata hai ???,negative
Trustworthy brand,positive
mera Facebook page status Facebook account monetize Nahin hua hai free video original and photo hun,positive
"nice, nice job. thanks.",positive
Very convinience Facebook,positive
major invasion of all privacy and algorithm is unnecessary as hell,negative
this is a best social media ❤️,positive
to much to get into don't like itjifyt,negative
سيئ جدا,positive
very poor,negative
Trash.......,negative
"the new ad breaks and the algorithms have disgusted me from using the app. I do not see what I follow, only what Facebook wants me to see.",negative
ধন্যবাদ,positive
"buggy, and openly encouraging anti-social and bigoted behaviour, it's largely a vector for the disinformation network of bots.",negative
can you download messenger,positive
been having FB since it first came out and I'll never delete my FB it's my lifeline to connecting to family and friends I don't get to see often. where would we be without FB fr,positive
Recently this app gonna be very much business minded it's not a social app any more...... And it's true .,negative
"I am giving this app 1 star because it frequently crashes and lags even when my internet connection is strong and stable. I also experienced an issue where my account was disabled without doing anything wrong or violating any rules. Overall, the app has not been reliable in my experience and needs improvement in performance and account management.",negative
"Well, I could've expected better than this, AI falsely suspending our accounts in thousandfold for no particular reason? Immediate Account Deletion? No Warnings? We netizens expected something better than this falsely accused action made by your AI. Because you don't know that this is just completely unacceptable and disgusting to be reliant on AI. Sure we could use AI for our daily lives but not to replace it into our systems?? At this point, A Chinese Facebook app version might be better.",negative
"Well at first I didn't like FB BUT, Now it's not so bad it's all about how u USE IT!",positive
it's lately disturbing me a lot I mean I follow every guidelines but even than it's disabled my original account..! it's very disturbing 😡they have disabled my several accounts! even new account whenever I open they say suspicious! why such a harassment 🤬,negative
very bad🤬,negative
Shymal Chakraboti আমি আমার বন্ধুর প্রোফাইলের মধ্যে ঢুকে সকল ভিডিও আসছে না সেটিংস এ only friend করছে তাও আজ দেখা যাচ্ছে না কেন বিস্তারিত,positive
I am having a hard time. I don't know why but I can't access my account,negative
Good app!!,positive
good app 👌 👍,positive
"It keeps on restricting my account without valid reason. I already made 3 accounts just to have communication with my family and friends yet it keeps on suspending every time I make an account. Like, what is it? What's your problem? I didn't even post or even shared post anything. What's the problem though? I already contacted the fb team/agent just to fix this issue but they just kept on telling me to appeal and the second I do that, my account gets permanently disabled. Like, what do you mean?",negative
জনপ্রিয় অ্যাপস,positive
ballers,positive
coool baby,positive
यह बहुत अच्छा उसे करता है,positive
destroyed by ads,negative
meta is becoming untamable. and people must move against their way of blocking people's account. you blocked my for what reason I don't. how can you act as a judge in your own case without hearing from the affected person? they are very unfair and biased.,negative
I really like facebook,positive
Nice place to interact with family and friends and also do business as well,positive
no number of views of a post unless you go through the page.,negative
can you please stop ai translate,negative
leave us alone,negative
last update you can't customize the notification bar. it added reels and when you edit said bar it still doesn't fix the issue,negative
this is good app,positive
like this app and very good for everyone,positive
just great 4 family and friend to comnect,positive
yam bas,positive
aiwah,positive
Salamatpo,positive
don't suggest facebook,negative
you can't even be open and states your own opinion of anything. Too strict! and if you report something that is offensive or an issue it never gets resolved!,negative
I reinstalled and it no work,negative
all meta apps are disgustingly invasive,negative
Facebook have been disabling and suspending accounts without any reason at all. Stop suspending and disabling accounts. There are important informations and documents that are store in the accounts.,negative
idiots allow fake profiles scammers etc to rip you and tell you it doesn't go against there community standards but you try sell something from a 10year active account and they remove it saying it's fake and not allowed,negative
simple and Easy,positive
very good apps,positive
congratulation,positive
FB suspended my account thinking I'm pretending to be someone else when I'm not. I would give half star if I could,negative
"harsh, gendered, or familial slurs, such as haram da (bastard), kanjar (pimp), and various phrases attacking a person's mother or sister, such as teri maa dee",negative
banned for nothing seen alot worse than what i said useless,negative
"please, before you suspended our account, please warning us first so that we will know what our mistakes are",negative
Just started using it and so I am not sure why the second i get on it asks me to rate the app. right now I give it a 1 since I have no clue as to what this app has.,negative
proud,positive
ok nice,negative
what's the issue is that message not sending unable to send message I'm not sending a message,neutral
5 start,positive
perfect 🥰,positive
ABSOLUTELY 1💯🇺🇸🇺🇸🇺🇸🇺🇸🇺🇸❤️,positive
best aap for entertainment purposes,positive
समाज के हर समस्याओं का हल किया जा सकता है । फेसबुक की सहायता से समस्याओं जन मानस को अवगत कराना सराहनीय है।,positive
"the annoying rage bait can go away please. I want to see people leveling up, winning, badass stuff, and people doing good on the planet.",positive
Absolutely Greatest app,positive
my profile have a issue.. I try to connect. but still not responce... please how I can get a support my profile 😭,negative
"I remember I download this app, so why can't I uninstall it",negative
account suspended,negative
no scams,positive
solid,positive
nice app.. confortable and easy to use,positive
still the best so far,positive
Your to stupid apps is prone to malfunction after using it for too long,negative
brilliant and excellent,positive
I think reviews should be seen only through friends not public.,negative
супер,positive
Please fix the bug issue.,neutral
"I’ve been using this app for a long time and overall it’s a good experience. Easy to stay connected with friends and family, and I like how everything is in one place.",positive
thanks for letting,positive
High quality.,positive
liked 👍 💛💚💙 🌎 🌎 1,positive
G-is my facebook .Don't share your post with anyone very nice 😍,neutral
great pitcher,positive
The ads and lag is too much,negative
v.nice app,positive
"I don't use Facebook as much as I used to before back in the day, but I still frequently visit the app from time to time to check on posts and news, compared to when I used to scroll daily, and keeping up with familiar connections, I've cut most of the stuff in my account and strictly made it foreign, and now no one knows Im still on Facebook. anyways, still a good social media to unwind, kudos.",positive
facebook mei hum apne face ki book ko dekhte h,positive
why can't I delete this app,negative
be honest will perfect,positive
Excellency in work,positive
excellent 👌👌👌👍👍👍,positive
Good performance,positive
mad best social network unlimited friends to talk with,positive
"bruhh what wrong with your app, its now greed about money, too much ads pop up now when watching videos.",negative
"​""Amazing app for creators! The monetization tools and engagement features are very helpful for growing my page. Keep it up!""",positive
giving out 4 stars because of the frequent pop-up ada applied to every video and it's annoying,positive
Fine 💖,negative
"superb social apps, alot of features and market place is awesome",positive
زفت اويي علشان المساحه,negative
I am a old user Facebook and good experience👉🤝,positive
সময় আপচয়,positive
Good experience,positive
"Subject: Unable to Post Comments I am currently unable to post comments on Facebook. I keep getting an error message saying “Failed to post comment, limit reached.” I want to clarify that I have not violated any Facebook community standards. My account status also shows no restrictions, yet I am still facing this issue repeatedly. This problem is affecting my normal usage and causing inconvenience, as I am unable to interact on posts. Kindly fix the the issue.",negative
Good__Very Good,positive
keeping me disabling with no reason. didn't do something,negative
আমি এতো কিছু বুঝি না এটাই বুঝি ফেসবুক,positive
Out Of Social Dreams,positive
this the best app for all person and is very useful,positive
"cant sign in ,cant change password with google and keep me sign out Stupid META",negative
I have had issues with facebook in the past. I am giving it a last try again. We will see.,positive
why I can't sent a friend request?,negative
good very,positive
"UI of the app is terrible, the Header took too much space from the top.",negative
quit asking me to be friends with strangers.,negative
"my fb has been disbaled since april 9,no appeal button how can i regain it?please help",negative
fabulous . Working smoothly in my transition from one phone to another 🤩😍🤩,positive
mast app,positive
Please suggest my post to others. Doing a very good work I pray that you continue to move forward and reach new heights.,positive
I need 20k likes,positive
this is perfect,positive
please meri ID lauta do,negative
mast hai,positive
my facebook request block,positive
"when watching reels comments appear on the title section, making us read comments as if we have no brain to tap comment's section, very stupid thing, never seen anything so bad in the history of technology.",negative
helpful,positive
awesome experience 😀,positive
"I’ve been using the Facebook app regularly, and overall it’s a great way to stay connected with friends and discover content. However, there are a few areas where improvements could really enhance the experience.",positive
অনেক ভালো হয়েছে চালিয়ে যাও,positive
تشکر برای ساخت این برنامه,negative
Facebook is most powerful social media. I hope it's concerned,positive
super post,positive
app is good. but Facebook is shady with people's legitimate account.,negative
Story of my life! Truth,positive
Always be Happy,positive
good app and very easy,positive
nice 👍 app social,positive
"poor update, unlike before it's enjoying to use. but now, not anymore!",negative
Facebook App had been my favourite. the always kept me posted even lost my device. Love you Facebook,positive
I am using Motorola edge 60 fusion and videos reels video and sound gets stuck while playing and some reels play with no issues... I tried by changing videos quality as well but still it's same.... at the same time instagram work fine.. facebook lite works fine... but this app doesn't work fine with reels.,negative
good and improved it better than before ever,positive
good 👍 Facebook,positive
"There are extremely inappropriate films and clips being uploaded on Facebook, spreading obscenity. However, Facebook seems to be turning a blind eye to this. They should pay attention to this issue. Accounts spreading such content should be permanently banned.😢",negative
"disappointing search engine, can't even show what I really want to search instead, suggesting irrelevant posts or reels.",negative
No fasy in back group,positive
"they got rid of pinning your music to profile, hate these updates",negative
"cancer. poor experience, even worse app permissions. location was accessed all the time when app was open. maybe even in background. media, microphone... why?",negative
It good,neutral
Good 👍 Nice,positive
not sure,positive
"me hackearon la cuenta de tal forma que ninguna olvion de facebook me pusp ayudar a recuperarla porque desvincularon todas mis cuentas, telefonos, corres etc antes de hacer q me banneara facebook y usaran mi pagina a su gusto.. facebook nunca conteato mis correos y ahora perdi todas mis fotos y recuerdos antiguos q ni tengo en la nube.. deberian tener un contacto para hablar con alguien.. perdi tanto!",negative
Nice 👍🙂,positive
I really love ❤ this app,positive
Randomly suspending account,negative
good👍,positive
Behtreen Taste 🤩,positive
Very through and minimal wait times.,positive
good 👍👍👍👍,positive
app keeps crashing on phone. any updates needed?,positive
they are superbphoto,positive
I like Facebook 😁😊,positive
its everyone's favorites,positive
it sucks and it spies on you,negative
I just love all the things that pop up,positive
when join some groups .there are many posts on my Facebook page .impossible find bin recycling and delete posts can't see any notifications until on front page. why need put old password to create a new password? cant change password as lost old password,neutral
Sometimes videos with sound will be muted unless I go out of the app and then back in. Otherwise functions as you'd expect.,positive
better than me like this👍,positive
nice aap,positive
I like facebook,positive
"what a joke... you call and setup an account, I guess one account is good enough so they make 2 accounts. When you call to close one and report the discrepancy and try to get refunded the extra money they withdrew, they don't seem to want to work with you and only say sorry...",negative
"It was already bad, but now with the mandatory ad breaks it's atrocious.",negative
all my friends,positive
I can't I've returned to this app one last time but I almost commit suicide because I got harassed by a user who went to my profile and made fun of my looks and how I dress FACEBOOK doesn't have a privacy option to completely hide your profile and because of this I almost ended my life.,negative
Facebook friend,negative
can't unpin reels section from the top. they're force feeding you brainrot. who even came up with this negative iq decision?,negative
"I didn't know all these facts, but it's pretty awesome what she did - and continues to do. Bravo, Demi! I hope you meet Christ and live forever!",positive
15 yrs of posting online on this platform and now all of a sudden me sharing YouTube videos has had my account red flagged atheist 20 times. I share music and inspirational quotes..... did AMERICA fall asleep in the Twilight zone,negative
வணக்கம் 👍,positive
ibalik n'yo ang account ko sa fb,positive
"1. auto rotate is turned off, but when my keyboard is open, only on Facebook, it auto rotates. also when viewing a photo with music on it, the music gets stuck playing on a loop even after leaving the picture. restarting the phone is the only fix. s25 ultra. 2. stories not archiving after they expire and getting lost. this happened with the last two stories. setting is definitely on to archive.",negative
"No, I'm not paying, and no, I'm not consenting to your tracking",negative
A very nice app with loads of fun!,positive
nice social platform,positive
Este é o melhor sítio na NET para negociar aparelhos Apple comprar vender Recomendo 💯👍,positive
xlend ❤️❤️❤️,positive
‌‌best,positive
"Facebook Is One Of Social Media's Best Way To Connect In Real Time With Friends And Family Globally Making Life So Much More Comfortable ❤️ Bringing Happiness 😊 Sharing Our Lives, Stories, Brands And Businesses Also Building A Family Worldwide 🌐 Taking Social Intelligence To The Next Level Making Legacy Memorable And Time Captured Bringing Understanding To Each Other's Culture Also Way Of Life . Connecting Ideas 💡 to Generate Liquid Or Currency . Bravo 👏 Let's Go Facebook",positive
there's a lot of hate in this app and dangerous threats but Facebook is not addressing them,negative
"Facebook allows porn and sexual content in the platform but it is offensive if you say something that is true about the Indian scammers.Also the new updates are just making the app boring and harder to use,the video tab is gone,hard to find the watch history, Facebook is updating the videos or reels that you watch all the time so you can't keep up with what you were watching, customer service doesn't exist,the Reels option sucks,the video tab was better.I think that Mark has got lazy about this",negative
more progress,positive
"pastilan nalang jud ning mga kawatan..nganong naabot naman ni sila sa mountaineering range oi😡😡🤬30 years nko cgeg saka.ug bukid.karun pmn ko naka dungog nga naay kawatan sa mountaineering..tsk.tsk.tsk..unta kanang mga leader sa club, pamili fud unta mo ug I invite sa event oi..KY mada-ot ang image sa mga legit mountaineers....for info lang sa mga wala pa kabalo ha ug sa mga nag Plano musulod sa mountaineering...dili sayon ug dili lalim Aron mahimo Kang usa ka legit nga mountaineers..",negative
very good 💯😊,positive
bruh Errol fortus acc can't be opened it got suspended and I can't even go appeal cuz o dont have a valid id,negative
Thankyou,positive
nice appp,positive
😘,positive
kept logging me out!!,negative
Very hard app need some id or something's else also I can't chat even I just made my new account,negative
i like the way it works but why does it keeping me suspended in this app i didn't even do something wrong when i opend ny account it says error and its been 2 days since the error happend and when i tried again it says your account has been suspended for 180 days. but i didnt do anything its a good platform but its keeping me suspended.,negative
not very good so far,positive
"Facebook is a very good social platform to use ,just abide by the rules...I just wish I could get my big account back with my 11 pages.But I am happy to start over .Thank you Facebook.",positive
for You,positive
more flexible and user friendly required,neutral
not well,negative
मस्त,positive
bastard facebook app updat alway interrupt other banking or online purchase apos,negative
I'd login,positive
Good Fantastic Excited,positive
not working good in realme c 85 pro after updated to realme UI 7,negative
very worth of happiness,negative
"I'm trying to get my tab bar customized the way it was before, but it refuses to hide the Reels tab and refuses to show the Groups tab.",negative
নাইস ফেসবুক,positive
"I hate it for suspending and disabling my accounts without any violations. .that was my work, personal and business accounts. Will no longer use any sort of meta!!!",negative
How can I find out who's following me on Facebook ? We're not friends with each other but it says she is following me,negative
This app is a grate.,positive
Suspended/Disabled all accounts for no reason!!,negative
رائعة,positive
thank you bhaiya,positive
the app are very gooď,positive
all goods,positive
I love it,positive
N hmm byub nj u up? Utohm 0,neutral
Shuvo,positive
useful app,positive
good 😊😊😊,positive
"my account got disabled for no absolute reason. Facebook, please fix this.",negative
outstanding!,positive
"this is very bad app because I have two accounts on it , one account on Facebook lite and one account on Facebook, but unfortunately my lite Facebook account was deleted due to copyright, and due to this reason Facebook now ask me to upload your CNIC or passport etc to approve your original account , and I don't upload any thing on my original account yet, Facebook deleted my lite Facebook account,I agree but now why Facebook ask me to upload your CNIC or passport etc to approve your Original",positive
it keeps bugging and so laggy,negative
Plz update this,positive
Facebook app is very bad app plz don't used this app thenk you,positive
wow,positive
My feed is flooded with people and pages I don't even follow,negative
I'm so happy,positive
APPEAL:- Hello Facebook Team. My Facebook account want a verification selfie and there are comes some errors please fix it soon. Thank you,negative
I don’t have the option of 10 second forward of video,positive
Facebook is a good site of information and comfortable media we go on to stay entertain but some of the people used it to mislead people in expressing theirs opinion..,positive
all time pass korar somoy,positive
Okey 👍👍,positive
very good app,positive
Best of choice,positive
"Remove the ""You can't make this change because you just recently logged in"" Or AT LEAST make a way to verify. You wanna know why? Because it's not helping with security. Sure it might prevent hackers from instantly claiming my account, BUT it also prevents ME FROM SECURING my account. There's a guy from Indonesia using my account right now while I'm logged in and I can't do a thing about it until I wait like a month which WILL JUST MAKE THE DAMAGE DONE BY THEM WORSE.",negative
My Facebook account viral,positive
privacy invader app,negative
full of scammers/full of drama. Facebook is garbage and will always be garbage.,negative
sunny,negative
it's really perfect,positive
full damaged,negative
good look 😊,positive
"best social media application, great platform ❤️",positive
content monetization tool please enable,positive
related videos coming,negative
so good mhan aargh,positive
Plz Facebook den,positive
𝓡𝓞𝓣𝓞𝓝,positive
exlent,positive
log in and kicks me to sign in every time no help from fb trash,negative
unsuspend me😭,negative
"my device is android honor, Facebook apps auto running and phone be come very hot, please fix this bug!!!",negative
love it seeing friends and family,positive
for entertainment good app,positive
If you don't want new user to create an account just remove Facebook from play store or app store,negative
"I can't use it properly. It shows that I cannot event view my main account profile that page is not found, but when I open my 2nd account it's totally fine. I don't get this bug, I hope to get it fixed ASAP.",negative
फेसबुक सर्वांनी वापरले पाहिजे,positive
itis very fast and has good news,positive
Wala nmn Ako ginawang labag sa batas Ng Facebook pero na disabled Ang FB account 😭,negative
Collage features had a image loading problem,negative
"I am an Android Developer and I am extremely disappointed with Facebook's recovery flow. My phone was stolen and my SIM card was lost. Despite having full access to my registered email and knowing my correct password, Facebook keeps forcing me to verify via the lost phone number only. There is no option to receive the OTP on email, and the 'Identity Verification' loop is broken. If a user has a verified email and password, there should be a secondary way to recover the account. Your automated",negative
love you meta,positive
follow and invite share Nyo po c mommy Em 🥰 super bait nya and napakamatulungin din kaya follow Nyo na guys🥰🥰🥰🥰,negative
aaaaaa wonderfull,positive
I need Markket place.,positive
VIP.FB(:,positive
نقیب اللہ,positive
very very very much 🥰 girl 🫣 ya,positive
Good Job Sir Keep up the Good Work You r doing commendable work in GMC Doda,positive
I'm very happy to have more information on Facebook,positive
SO SO VERY TRUE,positive
Facebook ka update bhot jada aata hai har 2.3 din me bhot jada net use krta hai ye,negative
"Still have lots of bugs. Now you don't get messages and notifications! When you change the settings it does not necessarily change! When you hide an ad, and give the reason why you hid it, it doesn't make any difference. You'll still see it next time! But it's nice overall and a good way to stay connected with friends. Nothing changed and it's more unstable now. Downgrading to 1 🌟 Why give so many options when they don't work?!",negative
great 👍🏾,positive
jazzcash account send money,positive
"I think this app can help more communicate more friends in along time, it's nice for me.",positive
"a good platform for networking not only by country but for the whole world, easy to use and get a lot of information from everywhere. the fb reels often posted current affairs and up to date",positive
regulated information tracking machine,negative
unlock moony,positive
I'm ah special with fb,positive
can't get rid of black on black glitch on saved reels list,negative
just perfect for me,positive
Why i can't watch live video on my cellphone its always pop on screen something wrong and please try again.can you help fb,positive
good and the first time,positive
Very responsive,positive
"What is this nonsense, the same video is not uploading even after uploading it 10 times. One-time upload",negative
The network is fast,positive
way to many ads!,negative
easy to use funny content,positive
GOOD NICE,positive
Fb has been one the best social media apps out,positive
hello meta platforms there's this bug on Facebook ( my friends list is only 29 but I checked my profile It shows 31 friends although I only have 29 friends in my friends list ),negative
The app is pretty straightforward. I like how it shows my stocks and MFs together.,positive
execelent,positive
Awesome Thank God so appreciated 😁👍,positive
free,positive
shitest app of history 👎 too restrictive to new accountts,negative
Facebook is the World Wide information Highway. And on its Platform you can make your Business easy. You can Create World Online Trading on Facebook.,positive
Very Enjoyable Apps,positive
I have been trying to retrieve my account with difficulties.,positive
say less❤️,positive
good way to connect to people,positive
love it only,positive
good.,positive
